{
    "rutas": [
        {
            "tiempo": 53,
            "estaciones": 29,
            "tramos": [
                {
                    "tipo": "tramo",
                    "direccion": "Vicente Vald\u00e9s",
                    "inicio": {
                        "sigla": "DS",
                        "nombre": "Del Sol",
                        "linea": "l5",
                        "accesibilidad": "<p><span style=\"vertical-align: inherit;\"><span style=\"vertical-align: inherit;\">- Ascensor de acceso ubicado en Isabel Riquelme con Juan Jos&eacute; Rivera (acceso peatonal).<\/span><\/span><\/p>\r\n<p><span style=\"vertical-align: inherit;\"><span style=\"vertical-align: inherit;\">- Ascensor de acceso ubicado en Intermodal Del Sol (acceso desde buses).<\/span><\/span><\/p>\r\n<p><span style=\"vertical-align: inherit;\"><strong>&nbsp;<\/strong><\/span><\/p>"
                    },
                    "fin": {
                        "sigla": "VV",
                        "nombre": "Vicente Vald\u00e9s L5",
                        "linea": "l5",
                        "accesibilidad": "<p>- Ascensor de acceso ubicado en Av. Vicu&ntilde;a Mackenna (vereda oriente) con Vicente Vald&eacute;s por L&iacute;nea 4.<\/p>\r\n<p><br \/>- Ascensor de acceso ubicado en Av. Vicu&ntilde;a Mackenna (vereda poniente) con Don Pepe por L&iacute;nea 4.<\/p>\r\n<p><span style=\"vertical-align: inherit;\"><strong>&nbsp;<\/strong><\/span><\/p>"
                    }
                },
                {
                    "tipo": "combinacion",
                    "direccion": "Plaza de Puente Alto",
                    "linea": "l4",
                    "tiempo": "5 minutos"
                },
                {
                    "tipo": "tramo",
                    "direccion": "Plaza de Puente Alto",
                    "inicio": {
                        "sigla": "VVA",
                        "nombre": "Vicente Vald\u00e9s L4",
                        "linea": "l4",
                        "accesibilidad": "<p>- Ascensor de acceso ubicado en Av. Vicu&ntilde;a Mackenna (vereda oriente) con Vicente Vald&eacute;s por L&iacute;nea 4.<\/p>\n<p>- Ascensor de acceso ubicado en Av. Vicu&ntilde;a Mackenna (vereda poniente) con Don Pepe por L&iacute;nea 4.<\/p>"
                    },
                    "fin": {
                        "sigla": "RMA",
                        "nombre": "Rojas Magallanes",
                        "linea": "l4",
                        "accesibilidad": "<p><span style=\"vertical-align: inherit;\"><span style=\"vertical-align: inherit;\"><span style=\"vertical-align: inherit;\"><span style=\"vertical-align: inherit;\"><span style=\"vertical-align: inherit;\"><span style=\"vertical-align: inherit;\">- Ascensor de acceso ubicado en Rojas Magallanes con Av. <\/span><\/span><\/span><\/span><\/span><span style=\"vertical-align: inherit;\"><span style=\"vertical-align: inherit;\"><span style=\"vertical-align: inherit;\"><span style=\"vertical-align: inherit;\"><span style=\"vertical-align: inherit;\">Vicu&ntilde;a Mackenna.<\/span><\/span><\/span><\/span><\/span><\/span><\/p>"
                    }
                }
            ]
        },
        {
            "tiempo": 69,
            "estaciones": 35,
            "tramos": [
                {
                    "tipo": "tramo",
                    "direccion": "Vicente Vald\u00e9s",
                    "inicio": {
                        "sigla": "DS",
                        "nombre": "Del Sol",
                        "linea": "l5",
                        "accesibilidad": "<p><span style=\"vertical-align: inherit;\"><span style=\"vertical-align: inherit;\">- Ascensor de acceso ubicado en Isabel Riquelme con Juan Jos&eacute; Rivera (acceso peatonal).<\/span><\/span><\/p>\r\n<p><span style=\"vertical-align: inherit;\"><span style=\"vertical-align: inherit;\">- Ascensor de acceso ubicado en Intermodal Del Sol (acceso desde buses).<\/span><\/span><\/p>\r\n<p><span style=\"vertical-align: inherit;\"><strong>&nbsp;<\/strong><\/span><\/p>"
                    },
                    "fin": {
                        "sigla": "BQ",
                        "nombre": "Baquedano L5",
                        "linea": "l5",
                        "accesibilidad": "<p>- Ascensor de acceso ubicado entre Av. General Bustamante y Ram&oacute;n Carnicer (frente a Parque Bustamante).&nbsp;<\/p>\r\n<p><span style=\"vertical-align: inherit;\"><strong>&nbsp;<\/strong><\/span><\/p>"
                    }
                },
                {
                    "tipo": "combinacion",
                    "direccion": "Los Dominicos",
                    "linea": "l1",
                    "tiempo": "5 minutos"
                },
                {
                    "tipo": "tramo",
                    "direccion": "Los Dominicos",
                    "inicio": {
                        "sigla": "BA",
                        "nombre": "Baquedano L1",
                        "linea": "l1",
                        "accesibilidad": "<p>- Ascensor de acceso ubicado entre Av. General Bustamante y Ram&oacute;n Carnicer (frente a Parque Bustamante).&nbsp;<\/p>"
                    },
                    "fin": {
                        "sigla": "TB",
                        "nombre": "Tobalaba L1",
                        "linea": "l1",
                        "accesibilidad": "<p><span style=\"vertical-align: inherit;\"><span style=\"vertical-align: inherit;\">- Ascensor de acceso ubicado en Av. <\/span><span style=\"vertical-align: inherit;\">Nueva Providencia con Av. <\/span><span style=\"vertical-align: inherit;\">Providencia (vereda norte) por L&iacute;nea 4.<\/span><\/span><\/p>\r\n<p><span style=\"vertical-align: inherit;\"><span style=\"vertical-align: inherit;\">- Ascensor de acceso ubicado en Av. <\/span><span style=\"vertical-align: inherit;\">Tobalaba con Av. <\/span><span style=\"vertical-align: inherit;\">Providencia (vereda sur) por L&iacute;nea 4.<\/span><\/span><\/p>\r\n<p><span style=\"vertical-align: inherit;\"><span style=\"vertical-align: inherit;\"><strong>&nbsp;<\/strong><\/span><\/span><\/p>"
                    }
                },
                {
                    "tipo": "combinacion",
                    "direccion": "Plaza de Puente Alto",
                    "linea": "l4",
                    "tiempo": "5 minutos"
                },
                {
                    "tipo": "tramo",
                    "direccion": "Plaza de Puente Alto",
                    "inicio": {
                        "sigla": "TOB",
                        "nombre": "Tobalaba L4",
                        "linea": "l4",
                        "accesibilidad": "<p><span style=\"vertical-align: inherit;\"><span style=\"vertical-align: inherit;\">- Ascensor de acceso ubicado en Av. <\/span><span style=\"vertical-align: inherit;\">Nueva Providencia con Av. <\/span><span style=\"vertical-align: inherit;\">Providencia (vereda norte) por L&iacute;nea 4.<\/span><\/span><\/p>\r\n<p><span style=\"vertical-align: inherit;\"><span style=\"vertical-align: inherit;\">- Ascensor de acceso ubicado en Av. <\/span><span style=\"vertical-align: inherit;\">Tobalaba con Av. <\/span><span style=\"vertical-align: inherit;\">Providencia (vereda sur) por L&iacute;nea 4.<\/span><\/span><\/p>\r\n<p><span style=\"vertical-align: inherit;\"><strong>&nbsp;<\/strong><\/span><\/p>"
                    },
                    "fin": {
                        "sigla": "RMA",
                        "nombre": "Rojas Magallanes",
                        "linea": "l4",
                        "accesibilidad": "<p><span style=\"vertical-align: inherit;\"><span style=\"vertical-align: inherit;\"><span style=\"vertical-align: inherit;\"><span style=\"vertical-align: inherit;\"><span style=\"vertical-align: inherit;\"><span style=\"vertical-align: inherit;\">- Ascensor de acceso ubicado en Rojas Magallanes con Av. <\/span><\/span><\/span><\/span><\/span><span style=\"vertical-align: inherit;\"><span style=\"vertical-align: inherit;\"><span style=\"vertical-align: inherit;\"><span style=\"vertical-align: inherit;\"><span style=\"vertical-align: inherit;\">Vicu&ntilde;a Mackenna.<\/span><\/span><\/span><\/span><\/span><\/span><\/p>"
                    }
                }
            ]
        },
        {
            "tiempo": 71,
            "estaciones": 28,
            "tramos": [
                {
                    "tipo": "tramo",
                    "direccion": "Vicente Vald\u00e9s",
                    "inicio": {
                        "sigla": "DS",
                        "nombre": "Del Sol",
                        "linea": "l5",
                        "accesibilidad": "<p><span style=\"vertical-align: inherit;\"><span style=\"vertical-align: inherit;\">- Ascensor de acceso ubicado en Isabel Riquelme con Juan Jos&eacute; Rivera (acceso peatonal).<\/span><\/span><\/p>\r\n<p><span style=\"vertical-align: inherit;\"><span style=\"vertical-align: inherit;\">- Ascensor de acceso ubicado en Intermodal Del Sol (acceso desde buses).<\/span><\/span><\/p>\r\n<p><span style=\"vertical-align: inherit;\"><strong>&nbsp;<\/strong><\/span><\/p>"
                    },
                    "fin": {
                        "sigla": "PZ",
                        "nombre": "Plaza de Armas L5",
                        "linea": "l5",
                        "accesibilidad": "<p><span style=\"vertical-align: inherit;\"><span style=\"vertical-align: inherit;\"><span style=\"vertical-align: inherit;\"><span style=\"vertical-align: inherit;\"><span style=\"vertical-align: inherit;\"><span style=\"vertical-align: inherit;\"><span style=\"vertical-align: inherit;\"><span style=\"vertical-align: inherit;\">- Ascensor de acceso ubicado en Paseo 21 de mayo con Monjitas por L&iacute;nea 5.&nbsp;<\/span><\/span><\/span><\/span><\/span><\/span><\/span><\/span><\/p>\n<p><span style=\"vertical-align: inherit;\"><span style=\"vertical-align: inherit;\"><span style=\"vertical-align: inherit;\"><span style=\"vertical-align: inherit;\"><span style=\"vertical-align: inherit;\"><span style=\"vertical-align: inherit;\"><span style=\"vertical-align: inherit;\"><span style=\"vertical-align: inherit;\">- Acceso a nivel de calle en Bandera con Catedral por L&iacute;nea 3.<\/span><\/span><\/span><\/span><\/span><\/span><\/span><\/span><\/p>\n\n"
                    }
                },
                {
                    "tipo": "combinacion",
                    "direccion": "Fernando Castillo Velasco",
                    "linea": "l3",
                    "tiempo": "5 minutos"
                },
                {
                    "tipo": "tramo",
                    "direccion": "Fernando Castillo Velasco",
                    "inicio": {
                        "sigla": "PZA",
                        "nombre": "Plaza de Armas L3",
                        "linea": "l3",
                        "accesibilidad": "<p><span style=\"vertical-align: inherit;\"><span style=\"vertical-align: inherit;\">- Acceso a nivel de calle en Bandera con Catedral por L&iacute;nea 3.<\/span><\/span><\/p>\r\n<p><span style=\"vertical-align: inherit;\"><span style=\"vertical-align: inherit;\">- Ascensor de acceso ubicado en Paseo 21 de mayo con Monjitas por L&iacute;nea 5.<\/span><\/span><\/p>\r\n<p><span style=\"vertical-align: inherit;\"><span style=\"vertical-align: inherit;\"><strong>&nbsp;<\/strong><\/span><\/span><\/p>"
                    },
                    "fin": {
                        "sigla": "IRA",
                        "nombre": "Irarr\u00e1zaval L3",
                        "linea": "l3",
                        "accesibilidad": "<p><span style=\"vertical-align: inherit;\"><span style=\"vertical-align: inherit;\"><span style=\"vertical-align: inherit;\"><span style=\"vertical-align: inherit;\"><span style=\"vertical-align: inherit;\"><span style=\"vertical-align: inherit;\"><span style=\"vertical-align: inherit;\"><span style=\"vertical-align: inherit;\"><span style=\"vertical-align: inherit;\"><span style=\"vertical-align: inherit;\"><span style=\"vertical-align: inherit;\"><span style=\"vertical-align: inherit;\"><span style=\"vertical-align: inherit;\"><span style=\"vertical-align: inherit;\"><span style=\"vertical-align: inherit;\"><span style=\"vertical-align: inherit;\"><span style=\"vertical-align: inherit;\"><span style=\"vertical-align: inherit;\">- Ascensor de acceso ubicado en Matta Oriente con Av. <\/span><\/span><\/span><\/span><\/span><\/span><\/span><\/span><\/span><\/span><\/span><\/span><\/span><\/span><\/span><\/span><\/span><span style=\"vertical-align: inherit;\"><span style=\"vertical-align: inherit;\"><span style=\"vertical-align: inherit;\"><span style=\"vertical-align: inherit;\"><span style=\"vertical-align: inherit;\"><span style=\"vertical-align: inherit;\"><span style=\"vertical-align: inherit;\"><span style=\"vertical-align: inherit;\"><span style=\"vertical-align: inherit;\"><span style=\"vertical-align: inherit;\"><span style=\"vertical-align: inherit;\"><span style=\"vertical-align: inherit;\"><span style=\"vertical-align: inherit;\"><span style=\"vertical-align: inherit;\"><span style=\"vertical-align: inherit;\"><span style=\"vertical-align: inherit;\"><span style=\"vertical-align: inherit;\">San Eugenio por L&iacute;nea 3.&nbsp;<\/span><\/span><\/span><\/span><\/span><\/span><\/span><\/span><\/span><\/span><\/span><\/span><\/span><\/span><\/span><\/span><\/span><\/span><\/p>\r\n<p><span style=\"vertical-align: inherit;\"><span style=\"vertical-align: inherit;\"><span style=\"vertical-align: inherit;\"><span style=\"vertical-align: inherit;\"><span style=\"vertical-align: inherit;\"><span style=\"vertical-align: inherit;\"><span style=\"vertical-align: inherit;\"><span style=\"vertical-align: inherit;\"><span style=\"vertical-align: inherit;\"><span style=\"vertical-align: inherit;\"><span style=\"vertical-align: inherit;\"><span style=\"vertical-align: inherit;\"><span style=\"vertical-align: inherit;\"><span style=\"vertical-align: inherit;\"><span style=\"vertical-align: inherit;\"><span style=\"vertical-align: inherit;\"><span style=\"vertical-align: inherit;\"><span style=\"vertical-align: inherit;\">- Ascensores ubicados en Parque Bustamante frente a acceso Pedro de O&ntilde;a por L&iacute;nea 5.&nbsp;<\/span><\/span><\/span><\/span><\/span><\/span><\/span><\/span><\/span><\/span><\/span><\/span><\/span><\/span><\/span><\/span><\/span><\/span><\/p>\r\n<p><span style=\"vertical-align: inherit;\"><strong>&nbsp;<\/strong><\/span><\/p>\r\n<p><span style=\"vertical-align: inherit;\"><span style=\"vertical-align: inherit;\"><span style=\"vertical-align: inherit;\"><span style=\"vertical-align: inherit;\"><span style=\"vertical-align: inherit;\"><span style=\"vertical-align: inherit;\"><span style=\"vertical-align: inherit;\"><span style=\"vertical-align: inherit;\"><span style=\"vertical-align: inherit;\"><span style=\"vertical-align: inherit;\"><span style=\"vertical-align: inherit;\"><span style=\"vertical-align: inherit;\"><span style=\"vertical-align: inherit;\"><span style=\"vertical-align: inherit;\"><span style=\"vertical-align: inherit;\"><span style=\"vertical-align: inherit;\"><span style=\"vertical-align: inherit;\"><span style=\"vertical-align: inherit;\"><strong>&nbsp;<\/strong><\/span><\/span><\/span><\/span><\/span><\/span><\/span><\/span><\/span><\/span><\/span><\/span><\/span><\/span><\/span><\/span><\/span><\/span><\/p>\r\n<p><span style=\"vertical-align: inherit;\"><span style=\"vertical-align: inherit;\"><span style=\"vertical-align: inherit;\"><span style=\"vertical-align: inherit;\"><span style=\"vertical-align: inherit;\"><span style=\"vertical-align: inherit;\"><span style=\"vertical-align: inherit;\"><span style=\"vertical-align: inherit;\"><span style=\"vertical-align: inherit;\"><span style=\"vertical-align: inherit;\"><span style=\"vertical-align: inherit;\"><span style=\"vertical-align: inherit;\"><span style=\"vertical-align: inherit;\"><span style=\"vertical-align: inherit;\"><span style=\"vertical-align: inherit;\"><span style=\"vertical-align: inherit;\"><span style=\"vertical-align: inherit;\"><span style=\"vertical-align: inherit;\"><strong>&nbsp;<\/strong><\/span><\/span><\/span><\/span><\/span><\/span><\/span><\/span><\/span><\/span><\/span><\/span><\/span><\/span><\/span><\/span><\/span><\/span><\/p>"
                    }
                },
                {
                    "tipo": "combinacion",
                    "direccion": "Vicente Vald\u00e9s",
                    "linea": "l5",
                    "tiempo": "5 minutos"
                },
                {
                    "tipo": "tramo",
                    "direccion": "Vicente Vald\u00e9s",
                    "inicio": {
                        "sigla": "IR",
                        "nombre": "Irarr\u00e1zaval L5",
                        "linea": "l5",
                        "accesibilidad": "<p><span style=\"vertical-align: inherit;\"><span style=\"vertical-align: inherit;\"><span style=\"vertical-align: inherit;\"><span style=\"vertical-align: inherit;\"><span style=\"vertical-align: inherit;\"><span style=\"vertical-align: inherit;\"><span style=\"vertical-align: inherit;\"><span style=\"vertical-align: inherit;\"><span style=\"vertical-align: inherit;\"><span style=\"vertical-align: inherit;\"><span style=\"vertical-align: inherit;\"><span style=\"vertical-align: inherit;\"><span style=\"vertical-align: inherit;\"><span style=\"vertical-align: inherit;\">- Ascensores ubicados en Av. <\/span><\/span><\/span><\/span><\/span><\/span><\/span><\/span><\/span><\/span><\/span><\/span><\/span><span style=\"vertical-align: inherit;\"><span style=\"vertical-align: inherit;\"><span style=\"vertical-align: inherit;\"><span style=\"vertical-align: inherit;\"><span style=\"vertical-align: inherit;\"><span style=\"vertical-align: inherit;\"><span style=\"vertical-align: inherit;\"><span style=\"vertical-align: inherit;\"><span style=\"vertical-align: inherit;\"><span style=\"vertical-align: inherit;\"><span style=\"vertical-align: inherit;\"><span style=\"vertical-align: inherit;\"><span style=\"vertical-align: inherit;\">General Bustamante cercano a Pedro de O&ntilde;a por L&iacute;nea 5.&nbsp;<\/span><\/span><\/span><\/span><\/span><\/span><\/span><\/span><\/span><\/span><\/span><\/span><\/span><\/span><\/p>\n<p><span style=\"vertical-align: inherit;\"><span style=\"vertical-align: inherit;\"><span style=\"vertical-align: inherit;\"><span style=\"vertical-align: inherit;\"><span style=\"vertical-align: inherit;\"><span style=\"vertical-align: inherit;\"><span style=\"vertical-align: inherit;\"><span style=\"vertical-align: inherit;\"><span style=\"vertical-align: inherit;\"><span style=\"vertical-align: inherit;\"><span style=\"vertical-align: inherit;\"><span style=\"vertical-align: inherit;\"><span style=\"vertical-align: inherit;\"><span style=\"vertical-align: inherit;\">- Ascensor de acceso ubicado en Matta Oriente con San Eugenio por L&iacute;nea 3.&nbsp;<\/span><\/span><\/span><\/span><\/span><\/span><\/span><\/span><\/span><\/span><\/span><\/span><\/span><\/span><\/p>"
                    },
                    "fin": {
                        "sigla": "VV",
                        "nombre": "Vicente Vald\u00e9s L5",
                        "linea": "l5",
                        "accesibilidad": "<p>- Ascensor de acceso ubicado en Av. Vicu&ntilde;a Mackenna (vereda oriente) con Vicente Vald&eacute;s por L&iacute;nea 4.<\/p>\r\n<p><br \/>- Ascensor de acceso ubicado en Av. Vicu&ntilde;a Mackenna (vereda poniente) con Don Pepe por L&iacute;nea 4.<\/p>\r\n<p><span style=\"vertical-align: inherit;\"><strong>&nbsp;<\/strong><\/span><\/p>"
                    }
                },
                {
                    "tipo": "combinacion",
                    "direccion": "Plaza de Puente Alto",
                    "linea": "l4",
                    "tiempo": "5 minutos"
                },
                {
                    "tipo": "tramo",
                    "direccion": "Plaza de Puente Alto",
                    "inicio": {
                        "sigla": "VVA",
                        "nombre": "Vicente Vald\u00e9s L4",
                        "linea": "l4",
                        "accesibilidad": "<p>- Ascensor de acceso ubicado en Av. Vicu&ntilde;a Mackenna (vereda oriente) con Vicente Vald&eacute;s por L&iacute;nea 4.<\/p>\n<p>- Ascensor de acceso ubicado en Av. Vicu&ntilde;a Mackenna (vereda poniente) con Don Pepe por L&iacute;nea 4.<\/p>"
                    },
                    "fin": {
                        "sigla": "RMA",
                        "nombre": "Rojas Magallanes",
                        "linea": "l4",
                        "accesibilidad": "<p><span style=\"vertical-align: inherit;\"><span style=\"vertical-align: inherit;\"><span style=\"vertical-align: inherit;\"><span style=\"vertical-align: inherit;\"><span style=\"vertical-align: inherit;\"><span style=\"vertical-align: inherit;\">- Ascensor de acceso ubicado en Rojas Magallanes con Av. <\/span><\/span><\/span><\/span><\/span><span style=\"vertical-align: inherit;\"><span style=\"vertical-align: inherit;\"><span style=\"vertical-align: inherit;\"><span style=\"vertical-align: inherit;\"><span style=\"vertical-align: inherit;\">Vicu&ntilde;a Mackenna.<\/span><\/span><\/span><\/span><\/span><\/span><\/p>"
                    }
                }
            ]
        }
    ],
    "estado": 1,
    "mensaje": "OK"
}