{
  "network": {
    "status": "operativo",
    "statusEn": "operational",
    "totalSeverity": 0,
    "severityLabel": "Normal",
    "severityLabelEn": "Normal",
    "details": {
      "lines": {},
      "stations": [],
      "transfers": []
    },
    "summary": {
      "es": {
        "resumen": "Estado de la red: Normal",
        "detalles": {
          "severidadTotal": 0,
          "lineasCriticas": [],
          "estacionesConflictivas": [],
          "transferenciasAfectadas": []
        }
      },
      "en": {
        "summary": "Network status: Normal",
        "details": {
          "totalSeverity": 0,
          "criticalLines": [],
          "criticalStations": [],
          "affectedTransfers": []
        }
      }
    },
    "timestamp": "2025-04-11T09:22:34.229Z"
  },
  "lines": {
    "l1": {
      "id": "l1",
      "name": "Línea 1",
      "displayName": "Línea L1",
      "color": "#EA2A0A",
      "status": {
        "code": "1",
        "message": "",
        "appMessage": "Línea disponible",
        "normalized": "operativo",
        "normalizedEn": "operational"
      },
      "stations": [
        "sp",
        "np",
        "pj",
        "lr",
        "ec",
        "ah",
        "us",
        "el",
        "la",
        "rp",
        "lh",
        "lm",
        "ch",
        "sl",
        "uc",
        "ba",
        "sa",
        "mm",
        "pv",
        "le",
        "tb",
        "go",
        "al",
        "em",
        "mq",
        "hm",
        "ld"
      ]
    },
    "l2": {
      "id": "l2",
      "name": "Línea 2",
      "displayName": "Línea L2",
      "color": "#FFA500",
      "status": {
        "code": "1",
        "message": "",
        "appMessage": "Línea disponible",
        "normalized": "operativo",
        "normalizedEn": "operational"
      },
      "stations": [
        "av",
        "za",
        "do",
        "ei",
        "ce",
        "cb",
        "pt",
        "ca",
        "an",
        "he",
        "to",
        "pq",
        "ro",
        "fr",
        "ll",
        "sm",
        "lv",
        "de",
        "cn",
        "lo",
        "ep",
        "lc",
        "eb",
        "ob",
        "cm",
        "pi"
      ]
    },
    "l3": {
      "id": "l3",
      "name": "Línea 3",
      "displayName": "Línea L3",
      "color": "#672612",
      "status": {
        "code": "1",
        "message": "",
        "appMessage": "Línea disponible",
        "normalized": "operativo",
        "normalizedEn": "operational"
      },
      "stations": [
        "pqu",
        "lcr",
        "fer",
        "lib",
        "car",
        "viv",
        "cch",
        "pzc",
        "hos",
        "pca",
        "pza",
        "uch",
        "pal",
        "mat",
        "ira",
        "mey",
        "nun",
        "esp",
        "vfr",
        "pze",
        "fcv"
      ]
    },
    "l4": {
      "id": "l4",
      "name": "Línea 4",
      "displayName": "Línea L4",
      "color": "#1F1F83",
      "status": {
        "code": "1",
        "message": "",
        "appMessage": "Línea disponible",
        "normalized": "operativo",
        "normalizedEn": "operational"
      },
      "stations": [
        "tob",
        "col",
        "bil",
        "pdg",
        "sbo",
        "peg",
        "lor",
        "rgr",
        "lpr",
        "rqu",
        "lto",
        "mac",
        "vma",
        "vva",
        "rma",
        "tri",
        "sje",
        "lqu",
        "eco",
        "hsr",
        "pin",
        "lme",
        "ppa"
      ]
    },
    "l4a": {
      "id": "l4a",
      "name": "Línea 4a",
      "displayName": "Línea L4A",
      "color": "#0079C1",
      "status": {
        "code": "1",
        "message": "",
        "appMessage": "Línea disponible",
        "normalized": "operativo",
        "normalizedEn": "operational"
      },
      "stations": [
        "vim",
        "sju",
        "lgr",
        "sro",
        "sra",
        "lci"
      ]
    },
    "l5": {
      "id": "l5",
      "name": "Línea 5",
      "displayName": "Línea L5",
      "color": "#00AB5C",
      "status": {
        "code": "1",
        "message": "",
        "appMessage": "Línea disponible",
        "normalized": "operativo",
        "normalizedEn": "operational"
      },
      "stations": [
        "pm",
        "sb",
        "ds",
        "mt",
        "lp",
        "ls",
        "br",
        "pu",
        "so",
        "pr",
        "bl",
        "gl",
        "qn",
        "rc",
        "na",
        "pz",
        "be",
        "bq",
        "pb",
        "si",
        "ir",
        "nu",
        "ra",
        "cv",
        "ag",
        "sj",
        "pe",
        "ma",
        "lf",
        "vv"
      ]
    },
    "l6": {
      "id": "l6",
      "name": "Línea 6",
      "displayName": "Línea L6",
      "color": "#953D96",
      "status": {
        "code": "1",
        "message": "",
        "appMessage": "Línea disponible",
        "normalized": "operativo",
        "normalizedEn": "operational"
      },
      "stations": [
        "cer",
        "lva",
        "pac",
        "fra",
        "bio",
        "nub",
        "esn",
        "nuo",
        "isu",
        "len"
      ]
    }
  },
  "stations": {
    "sp": {
      "id": "sp",
      "name": "San Pablo L1",
      "displayName": "San Pablo L1",
      "line": "l1",
      "status": {
        "code": "1",
        "message": "Estación Operativa",
        "appMessage": "Habilitada",
        "normalized": "operativo",
        "normalizedEn": "operational"
      },
      "transferLines": [
        "l5"
      ],
      "lastUpdated": "2025-04-11T09:22:34.229Z"
    },
    "np": {
      "id": "np",
      "name": "Neptuno",
      "displayName": "Neptuno",
      "line": "l1",
      "status": {
        "code": "1",
        "message": "Estación Operativa",
        "appMessage": "Habilitada",
        "normalized": "operativo",
        "normalizedEn": "operational"
      },
      "transferLines": [],
      "lastUpdated": "2025-04-11T09:22:34.229Z"
    },
    "pj": {
      "id": "pj",
      "name": "Pajaritos",
      "displayName": "Pajaritos",
      "line": "l1",
      "status": {
        "code": "1",
        "message": "Estación Operativa",
        "appMessage": "Habilitada",
        "normalized": "operativo",
        "normalizedEn": "operational"
      },
      "transferLines": [],
      "lastUpdated": "2025-04-11T09:22:34.229Z"
    },
    "lr": {
      "id": "lr",
      "name": "Las Rejas",
      "displayName": "Las Rejas",
      "line": "l1",
      "status": {
        "code": "1",
        "message": "Estación Operativa",
        "appMessage": "Habilitada",
        "normalized": "operativo",
        "normalizedEn": "operational"
      },
      "transferLines": [],
      "lastUpdated": "2025-04-11T09:22:34.229Z"
    },
    "ec": {
      "id": "ec",
      "name": "Ecuador",
      "displayName": "Ecuador",
      "line": "l1",
      "status": {
        "code": "1",
        "message": "Estación Operativa",
        "appMessage": "Habilitada",
        "normalized": "operativo",
        "normalizedEn": "operational"
      },
      "transferLines": [],
      "lastUpdated": "2025-04-11T09:22:34.229Z"
    },
    "ah": {
      "id": "ah",
      "name": "San Alberto Hurtado",
      "displayName": "San Alberto Hurtado",
      "line": "l1",
      "status": {
        "code": "1",
        "message": "Estación Operativa",
        "appMessage": "Habilitada",
        "normalized": "operativo",
        "normalizedEn": "operational"
      },
      "transferLines": [],
      "lastUpdated": "2025-04-11T09:22:34.229Z"
    },
    "us": {
      "id": "us",
      "name": "Universidad de Santiago",
      "displayName": "Universidad de Santiago",
      "line": "l1",
      "status": {
        "code": "1",
        "message": "Estación Operativa",
        "appMessage": "Habilitada",
        "normalized": "operativo",
        "normalizedEn": "operational"
      },
      "transferLines": [],
      "lastUpdated": "2025-04-11T09:22:34.229Z"
    },
    "el": {
      "id": "el",
      "name": "Estación Central",
      "displayName": "Estación Central",
      "line": "l1",
      "status": {
        "code": "1",
        "message": "Estación Operativa",
        "appMessage": "Habilitada",
        "normalized": "operativo",
        "normalizedEn": "operational"
      },
      "transferLines": [],
      "lastUpdated": "2025-04-11T09:22:34.229Z"
    },
    "la": {
      "id": "la",
      "name": "U.L.A.",
      "displayName": "U.L.A.",
      "line": "l1",
      "status": {
        "code": "1",
        "message": "Estación Operativa",
        "appMessage": "Habilitada",
        "normalized": "operativo",
        "normalizedEn": "operational"
      },
      "transferLines": [],
      "lastUpdated": "2025-04-11T09:22:34.229Z"
    },
    "rp": {
      "id": "rp",
      "name": "República",
      "displayName": "República",
      "line": "l1",
      "status": {
        "code": "1",
        "message": "Estación Operativa",
        "appMessage": "Habilitada",
        "normalized": "operativo",
        "normalizedEn": "operational"
      },
      "transferLines": [],
      "lastUpdated": "2025-04-11T09:22:34.229Z"
    },
    "lh": {
      "id": "lh",
      "name": "Los Héroes L1",
      "displayName": "Los Héroes L1",
      "line": "l1",
      "status": {
        "code": "1",
        "message": "Estación Operativa",
        "appMessage": "Habilitada",
        "normalized": "operativo",
        "normalizedEn": "operational"
      },
      "transferLines": [
        "l2"
      ],
      "lastUpdated": "2025-04-11T09:22:34.229Z"
    },
    "lm": {
      "id": "lm",
      "name": "La Moneda",
      "displayName": "La Moneda",
      "line": "l1",
      "status": {
        "code": "1",
        "message": "Estación Operativa",
        "appMessage": "Habilitada",
        "normalized": "operativo",
        "normalizedEn": "operational"
      },
      "transferLines": [],
      "lastUpdated": "2025-04-11T09:22:34.229Z"
    },
    "ch": {
      "id": "ch",
      "name": "Universidad de Chile L1",
      "displayName": "Universidad de Chile L1",
      "line": "l1",
      "status": {
        "code": "1",
        "message": "Estación Operativa",
        "appMessage": "Habilitada",
        "normalized": "operativo",
        "normalizedEn": "operational"
      },
      "transferLines": [
        "l3"
      ],
      "lastUpdated": "2025-04-11T09:22:34.229Z"
    },
    "sl": {
      "id": "sl",
      "name": "Santa Lucía",
      "displayName": "Santa Lucía",
      "line": "l1",
      "status": {
        "code": "1",
        "message": "Estación Operativa",
        "appMessage": "Habilitada",
        "normalized": "operativo",
        "normalizedEn": "operational"
      },
      "transferLines": [],
      "lastUpdated": "2025-04-11T09:22:34.229Z"
    },
    "uc": {
      "id": "uc",
      "name": "Universidad Católica",
      "displayName": "Universidad Católica",
      "line": "l1",
      "status": {
        "code": "1",
        "message": "Estación Operativa",
        "appMessage": "Habilitada",
        "normalized": "operativo",
        "normalizedEn": "operational"
      },
      "transferLines": [],
      "lastUpdated": "2025-04-11T09:22:34.229Z"
    },
    "ba": {
      "id": "ba",
      "name": "Baquedano L1",
      "displayName": "Baquedano L1",
      "line": "l1",
      "status": {
        "code": "1",
        "message": "Estación Operativa",
        "appMessage": "Habilitada",
        "normalized": "operativo",
        "normalizedEn": "operational"
      },
      "transferLines": [
        "l5"
      ],
      "lastUpdated": "2025-04-11T09:22:34.229Z"
    },
    "sa": {
      "id": "sa",
      "name": "Salvador",
      "displayName": "Salvador",
      "line": "l1",
      "status": {
        "code": "1",
        "message": "Estación Operativa",
        "appMessage": "Habilitada",
        "normalized": "operativo",
        "normalizedEn": "operational"
      },
      "transferLines": [],
      "lastUpdated": "2025-04-11T09:22:34.229Z"
    },
    "mm": {
      "id": "mm",
      "name": "Manuel Montt",
      "displayName": "Manuel Montt",
      "line": "l1",
      "status": {
        "code": "1",
        "message": "Estación Operativa",
        "appMessage": "Habilitada",
        "normalized": "operativo",
        "normalizedEn": "operational"
      },
      "transferLines": [],
      "lastUpdated": "2025-04-11T09:22:34.229Z"
    },
    "pv": {
      "id": "pv",
      "name": "Pedro de Valdivia",
      "displayName": "Pedro de Valdivia",
      "line": "l1",
      "status": {
        "code": "1",
        "message": "Estación Operativa",
        "appMessage": "Habilitada",
        "normalized": "operativo",
        "normalizedEn": "operational"
      },
      "transferLines": [],
      "lastUpdated": "2025-04-11T09:22:34.229Z"
    },
    "le": {
      "id": "le",
      "name": "Los Leones L1",
      "displayName": "Los Leones L1",
      "line": "l1",
      "status": {
        "code": "1",
        "message": "Estación Operativa",
        "appMessage": "Habilitada",
        "normalized": "operativo",
        "normalizedEn": "operational"
      },
      "transferLines": [
        "l6"
      ],
      "lastUpdated": "2025-04-11T09:22:34.229Z"
    },
    "tb": {
      "id": "tb",
      "name": "Tobalaba L1",
      "displayName": "Tobalaba L1",
      "line": "l1",
      "status": {
        "code": "1",
        "message": "Estación Operativa",
        "appMessage": "Habilitada",
        "normalized": "operativo",
        "normalizedEn": "operational"
      },
      "transferLines": [
        "l4"
      ],
      "lastUpdated": "2025-04-11T09:22:34.229Z"
    },
    "go": {
      "id": "go",
      "name": "El Golf",
      "displayName": "El Golf",
      "line": "l1",
      "status": {
        "code": "1",
        "message": "Estación Operativa",
        "appMessage": "Habilitada",
        "normalized": "operativo",
        "normalizedEn": "operational"
      },
      "transferLines": [],
      "lastUpdated": "2025-04-11T09:22:34.229Z"
    },
    "al": {
      "id": "al",
      "name": "Alcántara",
      "displayName": "Alcántara",
      "line": "l1",
      "status": {
        "code": "1",
        "message": "Estación Operativa",
        "appMessage": "Habilitada",
        "normalized": "operativo",
        "normalizedEn": "operational"
      },
      "transferLines": [],
      "lastUpdated": "2025-04-11T09:22:34.229Z"
    },
    "em": {
      "id": "em",
      "name": "Escuela Militar",
      "displayName": "Escuela Militar",
      "line": "l1",
      "status": {
        "code": "1",
        "message": "Estación Operativa",
        "appMessage": "Habilitada",
        "normalized": "operativo",
        "normalizedEn": "operational"
      },
      "transferLines": [],
      "lastUpdated": "2025-04-11T09:22:34.229Z"
    },
    "mq": {
      "id": "mq",
      "name": "Manquehue",
      "displayName": "Manquehue",
      "line": "l1",
      "status": {
        "code": "1",
        "message": "Estación Operativa",
        "appMessage": "Habilitada",
        "normalized": "operativo",
        "normalizedEn": "operational"
      },
      "transferLines": [],
      "lastUpdated": "2025-04-11T09:22:34.229Z"
    },
    "hm": {
      "id": "hm",
      "name": "Hernando de Magallanes",
      "displayName": "Hernando de Magallanes",
      "line": "l1",
      "status": {
        "code": "1",
        "message": "Estación Operativa",
        "appMessage": "Habilitada",
        "normalized": "operativo",
        "normalizedEn": "operational"
      },
      "transferLines": [],
      "lastUpdated": "2025-04-11T09:22:34.229Z"
    },
    "ld": {
      "id": "ld",
      "name": "Los Dominicos",
      "displayName": "Los Dominicos",
      "line": "l1",
      "status": {
        "code": "1",
        "message": "Estación Operativa",
        "appMessage": "Habilitada",
        "normalized": "operativo",
        "normalizedEn": "operational"
      },
      "transferLines": [],
      "lastUpdated": "2025-04-11T09:22:34.229Z"
    },
    "av": {
      "id": "av",
      "name": "Vespucio Norte",
      "displayName": "Vespucio Norte",
      "line": "l2",
      "status": {
        "code": "1",
        "message": "Estación Operativa",
        "appMessage": "Habilitada",
        "normalized": "operativo",
        "normalizedEn": "operational"
      },
      "transferLines": [],
      "lastUpdated": "2025-04-11T09:22:34.229Z"
    },
    "za": {
      "id": "za",
      "name": "Zapadores",
      "displayName": "Zapadores",
      "line": "l2",
      "status": {
        "code": "1",
        "message": "Estación Operativa",
        "appMessage": "Habilitada",
        "normalized": "operativo",
        "normalizedEn": "operational"
      },
      "transferLines": [],
      "lastUpdated": "2025-04-11T09:22:34.229Z"
    },
    "do": {
      "id": "do",
      "name": "Dorsal",
      "displayName": "Dorsal",
      "line": "l2",
      "status": {
        "code": "1",
        "message": "Estación Operativa",
        "appMessage": "Habilitada",
        "normalized": "operativo",
        "normalizedEn": "operational"
      },
      "transferLines": [],
      "lastUpdated": "2025-04-11T09:22:34.229Z"
    },
    "ei": {
      "id": "ei",
      "name": "Einstein",
      "displayName": "Einstein",
      "line": "l2",
      "status": {
        "code": "1",
        "message": "Estación Operativa",
        "appMessage": "Habilitada",
        "normalized": "operativo",
        "normalizedEn": "operational"
      },
      "transferLines": [],
      "lastUpdated": "2025-04-11T09:22:34.229Z"
    },
    "ce": {
      "id": "ce",
      "name": "Cementerios",
      "displayName": "Cementerios",
      "line": "l2",
      "status": {
        "code": "1",
        "message": "Estación Operativa",
        "appMessage": "Habilitada",
        "normalized": "operativo",
        "normalizedEn": "operational"
      },
      "transferLines": [],
      "lastUpdated": "2025-04-11T09:22:34.229Z"
    },
    "cb": {
      "id": "cb",
      "name": "Cerro Blanco",
      "displayName": "Cerro Blanco",
      "line": "l2",
      "status": {
        "code": "1",
        "message": "Estación Operativa",
        "appMessage": "Habilitada",
        "normalized": "operativo",
        "normalizedEn": "operational"
      },
      "transferLines": [],
      "lastUpdated": "2025-04-11T09:22:34.229Z"
    },
    "pt": {
      "id": "pt",
      "name": "Patronato",
      "displayName": "Patronato",
      "line": "l2",
      "status": {
        "code": "1",
        "message": "Estación Operativa",
        "appMessage": "Habilitada",
        "normalized": "operativo",
        "normalizedEn": "operational"
      },
      "transferLines": [],
      "lastUpdated": "2025-04-11T09:22:34.229Z"
    },
    "ca": {
      "id": "ca",
      "name": "Puente Cal y Canto L2",
      "displayName": "Puente Cal y Canto L2",
      "line": "l2",
      "status": {
        "code": "1",
        "message": "Estación Operativa",
        "appMessage": "Habilitada",
        "normalized": "operativo",
        "normalizedEn": "operational"
      },
      "transferLines": [
        "l3"
      ],
      "lastUpdated": "2025-04-11T09:22:34.229Z"
    },
    "an": {
      "id": "an",
      "name": "Santa Ana L2",
      "displayName": "Santa Ana L2",
      "line": "l2",
      "status": {
        "code": "1",
        "message": "Estación Operativa",
        "appMessage": "Habilitada",
        "normalized": "operativo",
        "normalizedEn": "operational"
      },
      "transferLines": [
        "l5"
      ],
      "lastUpdated": "2025-04-11T09:22:34.229Z"
    },
    "he": {
      "id": "he",
      "name": "Los Héroes L2",
      "displayName": "Los Héroes L2",
      "line": "l2",
      "status": {
        "code": "1",
        "message": "Estación Operativa",
        "appMessage": "Habilitada",
        "normalized": "operativo",
        "normalizedEn": "operational"
      },
      "transferLines": [
        "l1"
      ],
      "lastUpdated": "2025-04-11T09:22:34.229Z"
    },
    "to": {
      "id": "to",
      "name": "Toesca",
      "displayName": "Toesca",
      "line": "l2",
      "status": {
        "code": "1",
        "message": "Estación Operativa",
        "appMessage": "Habilitada",
        "normalized": "operativo",
        "normalizedEn": "operational"
      },
      "transferLines": [],
      "lastUpdated": "2025-04-11T09:22:34.229Z"
    },
    "pq": {
      "id": "pq",
      "name": "Parque O'Higgins",
      "displayName": "Parque O'Higgins",
      "line": "l2",
      "status": {
        "code": "1",
        "message": "Estación Operativa",
        "appMessage": "Habilitada",
        "normalized": "operativo",
        "normalizedEn": "operational"
      },
      "transferLines": [],
      "lastUpdated": "2025-04-11T09:22:34.229Z"
    },
    "ro": {
      "id": "ro",
      "name": "Rondizzoni",
      "displayName": "Rondizzoni",
      "line": "l2",
      "status": {
        "code": "1",
        "message": "Estación Operativa",
        "appMessage": "Habilitada",
        "normalized": "operativo",
        "normalizedEn": "operational"
      },
      "transferLines": [],
      "lastUpdated": "2025-04-11T09:22:34.229Z"
    },
    "fr": {
      "id": "fr",
      "name": "Franklin L2",
      "displayName": "Franklin L2",
      "line": "l2",
      "status": {
        "code": "1",
        "message": "Estación Operativa",
        "appMessage": "Habilitada",
        "normalized": "operativo",
        "normalizedEn": "operational"
      },
      "transferLines": [
        "l6"
      ],
      "lastUpdated": "2025-04-11T09:22:34.229Z"
    },
    "ll": {
      "id": "ll",
      "name": "El Llano",
      "displayName": "El Llano",
      "line": "l2",
      "status": {
        "code": "1",
        "message": "Estación Operativa",
        "appMessage": "Habilitada",
        "normalized": "operativo",
        "normalizedEn": "operational"
      },
      "transferLines": [],
      "lastUpdated": "2025-04-11T09:22:34.229Z"
    },
    "sm": {
      "id": "sm",
      "name": "San Miguel",
      "displayName": "San Miguel",
      "line": "l2",
      "status": {
        "code": "1",
        "message": "Estación Operativa",
        "appMessage": "Habilitada",
        "normalized": "operativo",
        "normalizedEn": "operational"
      },
      "transferLines": [],
      "lastUpdated": "2025-04-11T09:22:34.229Z"
    },
    "lv": {
      "id": "lv",
      "name": "Lo Vial",
      "displayName": "Lo Vial",
      "line": "l2",
      "status": {
        "code": "1",
        "message": "Estación Operativa",
        "appMessage": "Habilitada",
        "normalized": "operativo",
        "normalizedEn": "operational"
      },
      "transferLines": [],
      "lastUpdated": "2025-04-11T09:22:34.229Z"
    },
    "de": {
      "id": "de",
      "name": "Departamental",
      "displayName": "Departamental",
      "line": "l2",
      "status": {
        "code": "1",
        "message": "Estación Operativa",
        "appMessage": "Habilitada",
        "normalized": "operativo",
        "normalizedEn": "operational"
      },
      "transferLines": [],
      "lastUpdated": "2025-04-11T09:22:34.229Z"
    },
    "cn": {
      "id": "cn",
      "name": "Ciudad del Niño",
      "displayName": "Ciudad del Niño",
      "line": "l2",
      "status": {
        "code": "1",
        "message": "Estación Operativa",
        "appMessage": "Habilitada",
        "normalized": "operativo",
        "normalizedEn": "operational"
      },
      "transferLines": [],
      "lastUpdated": "2025-04-11T09:22:34.229Z"
    },
    "lo": {
      "id": "lo",
      "name": "Lo Ovalle",
      "displayName": "Lo Ovalle",
      "line": "l2",
      "status": {
        "code": "1",
        "message": "Estación Operativa",
        "appMessage": "Habilitada",
        "normalized": "operativo",
        "normalizedEn": "operational"
      },
      "transferLines": [],
      "lastUpdated": "2025-04-11T09:22:34.229Z"
    },
    "ep": {
      "id": "ep",
      "name": "El Parrón",
      "displayName": "El Parrón",
      "line": "l2",
      "status": {
        "code": "1",
        "message": "Estación Operativa",
        "appMessage": "Habilitada",
        "normalized": "operativo",
        "normalizedEn": "operational"
      },
      "transferLines": [],
      "lastUpdated": "2025-04-11T09:22:34.229Z"
    },
    "lc": {
      "id": "lc",
      "name": "La Cisterna L2",
      "displayName": "La Cisterna L2",
      "line": "l2",
      "status": {
        "code": "1",
        "message": "Estación Operativa",
        "appMessage": "Habilitada",
        "normalized": "operativo",
        "normalizedEn": "operational"
      },
      "transferLines": [
        "l4a"
      ],
      "lastUpdated": "2025-04-11T09:22:34.229Z"
    },
    "eb": {
      "id": "eb",
      "name": "El Bosque",
      "displayName": "El Bosque",
      "line": "l2",
      "status": {
        "code": "1",
        "message": "Estación Operativa",
        "appMessage": "Habilitada",
        "normalized": "operativo",
        "normalizedEn": "operational"
      },
      "transferLines": [],
      "lastUpdated": "2025-04-11T09:22:34.229Z"
    },
    "ob": {
      "id": "ob",
      "name": "Observatorio",
      "displayName": "Observatorio",
      "line": "l2",
      "status": {
        "code": "1",
        "message": "Estación Operativa",
        "appMessage": "Habilitada",
        "normalized": "operativo",
        "normalizedEn": "operational"
      },
      "transferLines": [],
      "lastUpdated": "2025-04-11T09:22:34.229Z"
    },
    "cm": {
      "id": "cm",
      "name": "Copa Lo Martinez",
      "displayName": "Copa Lo Martinez",
      "line": "l2",
      "status": {
        "code": "1",
        "message": "Estación Operativa",
        "appMessage": "Habilitada",
        "normalized": "operativo",
        "normalizedEn": "operational"
      },
      "transferLines": [],
      "lastUpdated": "2025-04-11T09:22:34.229Z"
    },
    "pi": {
      "id": "pi",
      "name": "Hospital El Pino",
      "displayName": "Hospital El Pino",
      "line": "l2",
      "status": {
        "code": "1",
        "message": "Estación Operativa",
        "appMessage": "Habilitada",
        "normalized": "operativo",
        "normalizedEn": "operational"
      },
      "transferLines": [],
      "lastUpdated": "2025-04-11T09:22:34.229Z"
    },
    "pqu": {
      "id": "pqu",
      "name": "Plaza Quilicura",
      "displayName": "Plaza Quilicura",
      "line": "l3",
      "status": {
        "code": "1",
        "message": "Estación Operativa",
        "appMessage": "Habilitada",
        "normalized": "operativo",
        "normalizedEn": "operational"
      },
      "transferLines": [],
      "lastUpdated": "2025-04-11T09:22:34.229Z"
    },
    "lcr": {
      "id": "lcr",
      "name": "Lo Cruzat",
      "displayName": "Lo Cruzat",
      "line": "l3",
      "status": {
        "code": "1",
        "message": "Estación Operativa",
        "appMessage": "Habilitada",
        "normalized": "operativo",
        "normalizedEn": "operational"
      },
      "transferLines": [],
      "lastUpdated": "2025-04-11T09:22:34.229Z"
    },
    "fer": {
      "id": "fer",
      "name": "Ferrocarril",
      "displayName": "Ferrocarril",
      "line": "l3",
      "status": {
        "code": "1",
        "message": "Estación Operativa",
        "appMessage": "Habilitada",
        "normalized": "operativo",
        "normalizedEn": "operational"
      },
      "transferLines": [],
      "lastUpdated": "2025-04-11T09:22:34.229Z"
    },
    "lib": {
      "id": "lib",
      "name": "Los Libertadores",
      "displayName": "Los Libertadores",
      "line": "l3",
      "status": {
        "code": "1",
        "message": "Estación Operativa",
        "appMessage": "Habilitada",
        "normalized": "operativo",
        "normalizedEn": "operational"
      },
      "transferLines": [],
      "lastUpdated": "2025-04-11T09:22:34.229Z"
    },
    "car": {
      "id": "car",
      "name": "Cardenal Caro",
      "displayName": "Cardenal Caro",
      "line": "l3",
      "status": {
        "code": "1",
        "message": "Estación Operativa",
        "appMessage": "Habilitada",
        "normalized": "operativo",
        "normalizedEn": "operational"
      },
      "transferLines": [],
      "lastUpdated": "2025-04-11T09:22:34.229Z"
    },
    "viv": {
      "id": "viv",
      "name": "Vivaceta",
      "displayName": "Vivaceta",
      "line": "l3",
      "status": {
        "code": "1",
        "message": "Estación Operativa",
        "appMessage": "Habilitada",
        "normalized": "operativo",
        "normalizedEn": "operational"
      },
      "transferLines": [],
      "lastUpdated": "2025-04-11T09:22:34.229Z"
    },
    "cch": {
      "id": "cch",
      "name": "Conchalí",
      "displayName": "Conchalí",
      "line": "l3",
      "status": {
        "code": "1",
        "message": "Estación Operativa",
        "appMessage": "Habilitada",
        "normalized": "operativo",
        "normalizedEn": "operational"
      },
      "transferLines": [],
      "lastUpdated": "2025-04-11T09:22:34.229Z"
    },
    "pzc": {
      "id": "pzc",
      "name": "Plaza Chacabuco",
      "displayName": "Plaza Chacabuco",
      "line": "l3",
      "status": {
        "code": "1",
        "message": "Estación Operativa",
        "appMessage": "Habilitada",
        "normalized": "operativo",
        "normalizedEn": "operational"
      },
      "transferLines": [],
      "lastUpdated": "2025-04-11T09:22:34.229Z"
    },
    "hos": {
      "id": "hos",
      "name": "Hospitales",
      "displayName": "Hospitales",
      "line": "l3",
      "status": {
        "code": "1",
        "message": "Estación Operativa",
        "appMessage": "Habilitada",
        "normalized": "operativo",
        "normalizedEn": "operational"
      },
      "transferLines": [],
      "lastUpdated": "2025-04-11T09:22:34.229Z"
    },
    "pca": {
      "id": "pca",
      "name": "Puente Cal y Canto L3",
      "displayName": "Puente Cal y Canto L3",
      "line": "l3",
      "status": {
        "code": "1",
        "message": "Estación Operativa",
        "appMessage": "Habilitada",
        "normalized": "operativo",
        "normalizedEn": "operational"
      },
      "transferLines": [
        "l2"
      ],
      "lastUpdated": "2025-04-11T09:22:34.229Z"
    },
    "pza": {
      "id": "pza",
      "name": "Plaza de Armas L3",
      "displayName": "Plaza de Armas L3",
      "line": "l3",
      "status": {
        "code": "1",
        "message": "Estación Operativa",
        "appMessage": "Habilitada",
        "normalized": "operativo",
        "normalizedEn": "operational"
      },
      "transferLines": [
        "l5"
      ],
      "lastUpdated": "2025-04-11T09:22:34.229Z"
    },
    "uch": {
      "id": "uch",
      "name": "Universidad de Chile L3",
      "displayName": "Universidad de Chile L3",
      "line": "l3",
      "status": {
        "code": "1",
        "message": "Estación Operativa",
        "appMessage": "Habilitada",
        "normalized": "operativo",
        "normalizedEn": "operational"
      },
      "transferLines": [
        "l1"
      ],
      "lastUpdated": "2025-04-11T09:22:34.229Z"
    },
    "pal": {
      "id": "pal",
      "name": "Parque Almagro",
      "displayName": "Parque Almagro",
      "line": "l3",
      "status": {
        "code": "1",
        "message": "Estación Operativa",
        "appMessage": "Habilitada",
        "normalized": "operativo",
        "normalizedEn": "operational"
      },
      "transferLines": [],
      "lastUpdated": "2025-04-11T09:22:34.229Z"
    },
    "mat": {
      "id": "mat",
      "name": "Matta",
      "displayName": "Matta",
      "line": "l3",
      "status": {
        "code": "1",
        "message": "Estación Operativa",
        "appMessage": "Habilitada",
        "normalized": "operativo",
        "normalizedEn": "operational"
      },
      "transferLines": [],
      "lastUpdated": "2025-04-11T09:22:34.229Z"
    },
    "ira": {
      "id": "ira",
      "name": "Irarrázaval L3",
      "displayName": "Irarrázaval L3",
      "line": "l3",
      "status": {
        "code": "1",
        "message": "Estación Operativa",
        "appMessage": "Habilitada",
        "normalized": "operativo",
        "normalizedEn": "operational"
      },
      "transferLines": [
        "l5"
      ],
      "lastUpdated": "2025-04-11T09:22:34.229Z"
    },
    "mey": {
      "id": "mey",
      "name": "Monseñor Eyzaguirre",
      "displayName": "Monseñor Eyzaguirre",
      "line": "l3",
      "status": {
        "code": "1",
        "message": "Estación Operativa",
        "appMessage": "Habilitada",
        "normalized": "operativo",
        "normalizedEn": "operational"
      },
      "transferLines": [],
      "lastUpdated": "2025-04-11T09:22:34.229Z"
    },
    "nun": {
      "id": "nun",
      "name": "Ñuñoa L3",
      "displayName": "Ñuñoa L3",
      "line": "l3",
      "status": {
        "code": "1",
        "message": "Estación Operativa",
        "appMessage": "Habilitada",
        "normalized": "operativo",
        "normalizedEn": "operational"
      },
      "transferLines": [
        "l6"
      ],
      "lastUpdated": "2025-04-11T09:22:34.229Z"
    },
    "esp": {
      "id": "esp",
      "name": "Chile España",
      "displayName": "Chile España",
      "line": "l3",
      "status": {
        "code": "1",
        "message": "Estación Operativa",
        "appMessage": "Habilitada",
        "normalized": "operativo",
        "normalizedEn": "operational"
      },
      "transferLines": [],
      "lastUpdated": "2025-04-11T09:22:34.229Z"
    },
    "vfr": {
      "id": "vfr",
      "name": "Villa Frei",
      "displayName": "Villa Frei",
      "line": "l3",
      "status": {
        "code": "1",
        "message": "Estación Operativa",
        "appMessage": "Habilitada",
        "normalized": "operativo",
        "normalizedEn": "operational"
      },
      "transferLines": [],
      "lastUpdated": "2025-04-11T09:22:34.229Z"
    },
    "pze": {
      "id": "pze",
      "name": "Plaza Egaña L3",
      "displayName": "Plaza Egaña L3",
      "line": "l3",
      "status": {
        "code": "1",
        "message": "Estación Operativa",
        "appMessage": "Habilitada",
        "normalized": "operativo",
        "normalizedEn": "operational"
      },
      "transferLines": [
        "l4"
      ],
      "lastUpdated": "2025-04-11T09:22:34.229Z"
    },
    "fcv": {
      "id": "fcv",
      "name": "Fernando Castillo Velasco",
      "displayName": "Fernando Castillo Velasco",
      "line": "l3",
      "status": {
        "code": "1",
        "message": "Estación Operativa",
        "appMessage": "Habilitada",
        "normalized": "operativo",
        "normalizedEn": "operational"
      },
      "transferLines": [],
      "lastUpdated": "2025-04-11T09:22:34.229Z"
    },
    "tob": {
      "id": "tob",
      "name": "Tobalaba L4",
      "displayName": "Tobalaba L4",
      "line": "l4",
      "status": {
        "code": "1",
        "message": "Estación Operativa",
        "appMessage": "Habilitada",
        "normalized": "operativo",
        "normalizedEn": "operational"
      },
      "transferLines": [
        "l1"
      ],
      "lastUpdated": "2025-04-11T09:22:34.229Z"
    },
    "col": {
      "id": "col",
      "name": "Cristóbal Colón",
      "displayName": "Cristóbal Colón",
      "line": "l4",
      "status": {
        "code": "1",
        "message": "Estación Operativa",
        "appMessage": "Habilitada",
        "normalized": "operativo",
        "normalizedEn": "operational"
      },
      "transferLines": [],
      "lastUpdated": "2025-04-11T09:22:34.229Z"
    },
    "bil": {
      "id": "bil",
      "name": "Francisco Bilbao",
      "displayName": "Francisco Bilbao",
      "line": "l4",
      "status": {
        "code": "1",
        "message": "Estación Operativa",
        "appMessage": "Habilitada",
        "normalized": "operativo",
        "normalizedEn": "operational"
      },
      "transferLines": [],
      "lastUpdated": "2025-04-11T09:22:34.229Z"
    },
    "pdg": {
      "id": "pdg",
      "name": "Príncipe de Gales",
      "displayName": "Príncipe de Gales",
      "line": "l4",
      "status": {
        "code": "1",
        "message": "Estación Operativa",
        "appMessage": "Habilitada",
        "normalized": "operativo",
        "normalizedEn": "operational"
      },
      "transferLines": [],
      "lastUpdated": "2025-04-11T09:22:34.229Z"
    },
    "sbo": {
      "id": "sbo",
      "name": "Simón Bolivar",
      "displayName": "Simón Bolivar",
      "line": "l4",
      "status": {
        "code": "1",
        "message": "Estación Operativa",
        "appMessage": "Habilitada",
        "normalized": "operativo",
        "normalizedEn": "operational"
      },
      "transferLines": [],
      "lastUpdated": "2025-04-11T09:22:34.229Z"
    },
    "peg": {
      "id": "peg",
      "name": "Plaza Egaña L4",
      "displayName": "Plaza Egaña L4",
      "line": "l4",
      "status": {
        "code": "1",
        "message": "Estación Operativa",
        "appMessage": "Habilitada",
        "normalized": "operativo",
        "normalizedEn": "operational"
      },
      "transferLines": [
        "l3"
      ],
      "lastUpdated": "2025-04-11T09:22:34.229Z"
    },
    "lor": {
      "id": "lor",
      "name": "Los Orientales",
      "displayName": "Los Orientales",
      "line": "l4",
      "status": {
        "code": "1",
        "message": "Estación Operativa",
        "appMessage": "Habilitada",
        "normalized": "operativo",
        "normalizedEn": "operational"
      },
      "transferLines": [],
      "lastUpdated": "2025-04-11T09:22:34.229Z"
    },
    "rgr": {
      "id": "rgr",
      "name": "Grecia",
      "displayName": "Grecia",
      "line": "l4",
      "status": {
        "code": "1",
        "message": "Estación Operativa",
        "appMessage": "Habilitada",
        "normalized": "operativo",
        "normalizedEn": "operational"
      },
      "transferLines": [],
      "lastUpdated": "2025-04-11T09:22:34.229Z"
    },
    "lpr": {
      "id": "lpr",
      "name": "Los Presidentes",
      "displayName": "Los Presidentes",
      "line": "l4",
      "status": {
        "code": "1",
        "message": "Estación Operativa",
        "appMessage": "Habilitada",
        "normalized": "operativo",
        "normalizedEn": "operational"
      },
      "transferLines": [],
      "lastUpdated": "2025-04-11T09:22:34.229Z"
    },
    "rqu": {
      "id": "rqu",
      "name": "Quilín",
      "displayName": "Quilín",
      "line": "l4",
      "status": {
        "code": "1",
        "message": "Estación Operativa",
        "appMessage": "Habilitada",
        "normalized": "operativo",
        "normalizedEn": "operational"
      },
      "transferLines": [],
      "lastUpdated": "2025-04-11T09:22:34.229Z"
    },
    "lto": {
      "id": "lto",
      "name": "Las Torres",
      "displayName": "Las Torres",
      "line": "l4",
      "status": {
        "code": "1",
        "message": "Estación Operativa",
        "appMessage": "Habilitada",
        "normalized": "operativo",
        "normalizedEn": "operational"
      },
      "transferLines": [],
      "lastUpdated": "2025-04-11T09:22:34.229Z"
    },
    "mac": {
      "id": "mac",
      "name": "Macul",
      "displayName": "Macul",
      "line": "l4",
      "status": {
        "code": "1",
        "message": "Estación Operativa",
        "appMessage": "Habilitada",
        "normalized": "operativo",
        "normalizedEn": "operational"
      },
      "transferLines": [],
      "lastUpdated": "2025-04-11T09:22:34.229Z"
    },
    "vma": {
      "id": "vma",
      "name": "Vicuña Mackenna L4",
      "displayName": "Vicuña Mackenna L4",
      "line": "l4",
      "status": {
        "code": "1",
        "message": "Estación Operativa",
        "appMessage": "Habilitada",
        "normalized": "operativo",
        "normalizedEn": "operational"
      },
      "transferLines": [
        "l4a"
      ],
      "lastUpdated": "2025-04-11T09:22:34.229Z"
    },
    "vva": {
      "id": "vva",
      "name": "Vicente Valdés L4",
      "displayName": "Vicente Valdés L4",
      "line": "l4",
      "status": {
        "code": "1",
        "message": "Estación Operativa",
        "appMessage": "Habilitada",
        "normalized": "operativo",
        "normalizedEn": "operational"
      },
      "transferLines": [
        "l5"
      ],
      "lastUpdated": "2025-04-11T09:22:34.229Z"
    },
    "rma": {
      "id": "rma",
      "name": "Rojas Magallanes",
      "displayName": "Rojas Magallanes",
      "line": "l4",
      "status": {
        "code": "1",
        "message": "Estación Operativa",
        "appMessage": "Habilitada",
        "normalized": "operativo",
        "normalizedEn": "operational"
      },
      "transferLines": [],
      "lastUpdated": "2025-04-11T09:22:34.229Z"
    },
    "tri": {
      "id": "tri",
      "name": "Trinidad",
      "displayName": "Trinidad",
      "line": "l4",
      "status": {
        "code": "1",
        "message": "Estación Operativa",
        "appMessage": "Habilitada",
        "normalized": "operativo",
        "normalizedEn": "operational"
      },
      "transferLines": [],
      "lastUpdated": "2025-04-11T09:22:34.229Z"
    },
    "sje": {
      "id": "sje",
      "name": "San José de la Estrella",
      "displayName": "San José de la Estrella",
      "line": "l4",
      "status": {
        "code": "1",
        "message": "Estación Operativa",
        "appMessage": "Habilitada",
        "normalized": "operativo",
        "normalizedEn": "operational"
      },
      "transferLines": [],
      "lastUpdated": "2025-04-11T09:22:34.229Z"
    },
    "lqu": {
      "id": "lqu",
      "name": "Los Quillayes",
      "displayName": "Los Quillayes",
      "line": "l4",
      "status": {
        "code": "1",
        "message": "Estación Operativa",
        "appMessage": "Habilitada",
        "normalized": "operativo",
        "normalizedEn": "operational"
      },
      "transferLines": [],
      "lastUpdated": "2025-04-11T09:22:34.229Z"
    },
    "eco": {
      "id": "eco",
      "name": "Elisa Correa",
      "displayName": "Elisa Correa",
      "line": "l4",
      "status": {
        "code": "1",
        "message": "Estación Operativa",
        "appMessage": "Habilitada",
        "normalized": "operativo",
        "normalizedEn": "operational"
      },
      "transferLines": [],
      "lastUpdated": "2025-04-11T09:22:34.230Z"
    },
    "hsr": {
      "id": "hsr",
      "name": "Hospital Sótero del Río",
      "displayName": "Hospital Sótero del Río",
      "line": "l4",
      "status": {
        "code": "1",
        "message": "Estación Operativa",
        "appMessage": "Habilitada",
        "normalized": "operativo",
        "normalizedEn": "operational"
      },
      "transferLines": [],
      "lastUpdated": "2025-04-11T09:22:34.230Z"
    },
    "pin": {
      "id": "pin",
      "name": "Protectora de la Infancia",
      "displayName": "Protectora de la Infancia",
      "line": "l4",
      "status": {
        "code": "1",
        "message": "Estación Operativa",
        "appMessage": "Habilitada",
        "normalized": "operativo",
        "normalizedEn": "operational"
      },
      "transferLines": [],
      "lastUpdated": "2025-04-11T09:22:34.230Z"
    },
    "lme": {
      "id": "lme",
      "name": "Las Mercedes",
      "displayName": "Las Mercedes",
      "line": "l4",
      "status": {
        "code": "1",
        "message": "Estación Operativa",
        "appMessage": "Habilitada",
        "normalized": "operativo",
        "normalizedEn": "operational"
      },
      "transferLines": [],
      "lastUpdated": "2025-04-11T09:22:34.230Z"
    },
    "ppa": {
      "id": "ppa",
      "name": "Plaza de Puente Alto",
      "displayName": "Plaza de Puente Alto",
      "line": "l4",
      "status": {
        "code": "1",
        "message": "Estación Operativa",
        "appMessage": "Habilitada",
        "normalized": "operativo",
        "normalizedEn": "operational"
      },
      "transferLines": [],
      "lastUpdated": "2025-04-11T09:22:34.230Z"
    },
    "vim": {
      "id": "vim",
      "name": "Vicuña Mackenna L4A",
      "displayName": "Vicuña Mackenna L4A",
      "line": "l4a",
      "status": {
        "code": "1",
        "message": "Estación Operativa",
        "appMessage": "Habilitada",
        "normalized": "operativo",
        "normalizedEn": "operational"
      },
      "transferLines": [
        "l4"
      ],
      "lastUpdated": "2025-04-11T09:22:34.230Z"
    },
    "sju": {
      "id": "sju",
      "name": "Santa Julia",
      "displayName": "Santa Julia",
      "line": "l4a",
      "status": {
        "code": "1",
        "message": "Estación Operativa",
        "appMessage": "Habilitada",
        "normalized": "operativo",
        "normalizedEn": "operational"
      },
      "transferLines": [],
      "lastUpdated": "2025-04-11T09:22:34.230Z"
    },
    "lgr": {
      "id": "lgr",
      "name": "La Granja",
      "displayName": "La Granja",
      "line": "l4a",
      "status": {
        "code": "1",
        "message": "Estación Operativa",
        "appMessage": "Habilitada",
        "normalized": "operativo",
        "normalizedEn": "operational"
      },
      "transferLines": [],
      "lastUpdated": "2025-04-11T09:22:34.230Z"
    },
    "sro": {
      "id": "sro",
      "name": "Santa Rosa",
      "displayName": "Santa Rosa",
      "line": "l4a",
      "status": {
        "code": "1",
        "message": "Estación Operativa",
        "appMessage": "Habilitada",
        "normalized": "operativo",
        "normalizedEn": "operational"
      },
      "transferLines": [],
      "lastUpdated": "2025-04-11T09:22:34.230Z"
    },
    "sra": {
      "id": "sra",
      "name": "San Ramón",
      "displayName": "San Ramón",
      "line": "l4a",
      "status": {
        "code": "1",
        "message": "Estación Operativa",
        "appMessage": "Habilitada",
        "normalized": "operativo",
        "normalizedEn": "operational"
      },
      "transferLines": [],
      "lastUpdated": "2025-04-11T09:22:34.230Z"
    },
    "lci": {
      "id": "lci",
      "name": "La Cisterna L4A",
      "displayName": "La Cisterna L4A",
      "line": "l4a",
      "status": {
        "code": "1",
        "message": "Estación Operativa",
        "appMessage": "Habilitada",
        "normalized": "operativo",
        "normalizedEn": "operational"
      },
      "transferLines": [
        "l2"
      ],
      "lastUpdated": "2025-04-11T09:22:34.230Z"
    },
    "pm": {
      "id": "pm",
      "name": "Plaza de Maipú",
      "displayName": "Plaza de Maipú",
      "line": "l5",
      "status": {
        "code": "1",
        "message": "Estación Operativa",
        "appMessage": "Habilitada",
        "normalized": "operativo",
        "normalizedEn": "operational"
      },
      "transferLines": [],
      "lastUpdated": "2025-04-11T09:22:34.230Z"
    },
    "sb": {
      "id": "sb",
      "name": "Santiago Bueras",
      "displayName": "Santiago Bueras",
      "line": "l5",
      "status": {
        "code": "1",
        "message": "Estación Operativa",
        "appMessage": "Habilitada",
        "normalized": "operativo",
        "normalizedEn": "operational"
      },
      "transferLines": [],
      "lastUpdated": "2025-04-11T09:22:34.230Z"
    },
    "ds": {
      "id": "ds",
      "name": "Del Sol",
      "displayName": "Del Sol",
      "line": "l5",
      "status": {
        "code": "1",
        "message": "Estación Operativa",
        "appMessage": "Habilitada",
        "normalized": "operativo",
        "normalizedEn": "operational"
      },
      "transferLines": [],
      "lastUpdated": "2025-04-11T09:22:34.230Z"
    },
    "mt": {
      "id": "mt",
      "name": "Monte Tabor",
      "displayName": "Monte Tabor",
      "line": "l5",
      "status": {
        "code": "1",
        "message": "Estación Operativa",
        "appMessage": "Habilitada",
        "normalized": "operativo",
        "normalizedEn": "operational"
      },
      "transferLines": [],
      "lastUpdated": "2025-04-11T09:22:34.230Z"
    },
    "lp": {
      "id": "lp",
      "name": "Las Parcelas",
      "displayName": "Las Parcelas",
      "line": "l5",
      "status": {
        "code": "1",
        "message": "Estación Operativa",
        "appMessage": "Habilitada",
        "normalized": "operativo",
        "normalizedEn": "operational"
      },
      "transferLines": [],
      "lastUpdated": "2025-04-11T09:22:34.230Z"
    },
    "ls": {
      "id": "ls",
      "name": "Laguna Sur",
      "displayName": "Laguna Sur",
      "line": "l5",
      "status": {
        "code": "1",
        "message": "Estación Operativa",
        "appMessage": "Habilitada",
        "normalized": "operativo",
        "normalizedEn": "operational"
      },
      "transferLines": [],
      "lastUpdated": "2025-04-11T09:22:34.230Z"
    },
    "br": {
      "id": "br",
      "name": "Barrancas",
      "displayName": "Barrancas",
      "line": "l5",
      "status": {
        "code": "1",
        "message": "Estación Operativa",
        "appMessage": "Habilitada",
        "normalized": "operativo",
        "normalizedEn": "operational"
      },
      "transferLines": [],
      "lastUpdated": "2025-04-11T09:22:34.230Z"
    },
    "pu": {
      "id": "pu",
      "name": "Pudahuel",
      "displayName": "Pudahuel",
      "line": "l5",
      "status": {
        "code": "1",
        "message": "Estación Operativa",
        "appMessage": "Habilitada",
        "normalized": "operativo",
        "normalizedEn": "operational"
      },
      "transferLines": [],
      "lastUpdated": "2025-04-11T09:22:34.230Z"
    },
    "so": {
      "id": "so",
      "name": "San Pablo L5",
      "displayName": "San Pablo L5",
      "line": "l5",
      "status": {
        "code": "1",
        "message": "Estación Operativa",
        "appMessage": "Habilitada",
        "normalized": "operativo",
        "normalizedEn": "operational"
      },
      "transferLines": [
        "l1"
      ],
      "lastUpdated": "2025-04-11T09:22:34.230Z"
    },
    "pr": {
      "id": "pr",
      "name": "Lo Prado",
      "displayName": "Lo Prado",
      "line": "l5",
      "status": {
        "code": "1",
        "message": "Estación Operativa",
        "appMessage": "Habilitada",
        "normalized": "operativo",
        "normalizedEn": "operational"
      },
      "transferLines": [],
      "lastUpdated": "2025-04-11T09:22:34.230Z"
    },
    "bl": {
      "id": "bl",
      "name": "Blanqueado",
      "displayName": "Blanqueado",
      "line": "l5",
      "status": {
        "code": "1",
        "message": "Estación Operativa",
        "appMessage": "Habilitada",
        "normalized": "operativo",
        "normalizedEn": "operational"
      },
      "transferLines": [],
      "lastUpdated": "2025-04-11T09:22:34.230Z"
    },
    "gl": {
      "id": "gl",
      "name": "Gruta de Lourdes",
      "displayName": "Gruta de Lourdes",
      "line": "l5",
      "status": {
        "code": "1",
        "message": "Estación Operativa",
        "appMessage": "Habilitada",
        "normalized": "operativo",
        "normalizedEn": "operational"
      },
      "transferLines": [],
      "lastUpdated": "2025-04-11T09:22:34.230Z"
    },
    "qn": {
      "id": "qn",
      "name": "Quinta Normal",
      "displayName": "Quinta Normal",
      "line": "l5",
      "status": {
        "code": "1",
        "message": "Estación Operativa",
        "appMessage": "Habilitada",
        "normalized": "operativo",
        "normalizedEn": "operational"
      },
      "transferLines": [],
      "lastUpdated": "2025-04-11T09:22:34.230Z"
    },
    "rc": {
      "id": "rc",
      "name": "Cumming",
      "displayName": "Cumming",
      "line": "l5",
      "status": {
        "code": "1",
        "message": "Estación Operativa",
        "appMessage": "Habilitada",
        "normalized": "operativo",
        "normalizedEn": "operational"
      },
      "transferLines": [],
      "lastUpdated": "2025-04-11T09:22:34.230Z"
    },
    "na": {
      "id": "na",
      "name": "Santa Ana L5",
      "displayName": "Santa Ana L5",
      "line": "l5",
      "status": {
        "code": "1",
        "message": "Estación Operativa",
        "appMessage": "Habilitada",
        "normalized": "operativo",
        "normalizedEn": "operational"
      },
      "transferLines": [
        "l2"
      ],
      "lastUpdated": "2025-04-11T09:22:34.230Z"
    },
    "pz": {
      "id": "pz",
      "name": "Plaza de Armas L5",
      "displayName": "Plaza de Armas L5",
      "line": "l5",
      "status": {
        "code": "1",
        "message": "Estación Operativa",
        "appMessage": "Habilitada",
        "normalized": "operativo",
        "normalizedEn": "operational"
      },
      "transferLines": [
        "l3"
      ],
      "lastUpdated": "2025-04-11T09:22:34.230Z"
    },
    "be": {
      "id": "be",
      "name": "Bellas Artes",
      "displayName": "Bellas Artes",
      "line": "l5",
      "status": {
        "code": "1",
        "message": "Estación Operativa",
        "appMessage": "Habilitada",
        "normalized": "operativo",
        "normalizedEn": "operational"
      },
      "transferLines": [],
      "lastUpdated": "2025-04-11T09:22:34.230Z"
    },
    "bq": {
      "id": "bq",
      "name": "Baquedano L5",
      "displayName": "Baquedano L5",
      "line": "l5",
      "status": {
        "code": "1",
        "message": "Estación Operativa",
        "appMessage": "Habilitada",
        "normalized": "operativo",
        "normalizedEn": "operational"
      },
      "transferLines": [
        "l1"
      ],
      "lastUpdated": "2025-04-11T09:22:34.230Z"
    },
    "pb": {
      "id": "pb",
      "name": "Parque Bustamante",
      "displayName": "Parque Bustamante",
      "line": "l5",
      "status": {
        "code": "1",
        "message": "Estación Operativa",
        "appMessage": "Habilitada",
        "normalized": "operativo",
        "normalizedEn": "operational"
      },
      "transferLines": [],
      "lastUpdated": "2025-04-11T09:22:34.230Z"
    },
    "si": {
      "id": "si",
      "name": "Santa Isabel",
      "displayName": "Santa Isabel",
      "line": "l5",
      "status": {
        "code": "1",
        "message": "Estación Operativa",
        "appMessage": "Habilitada",
        "normalized": "operativo",
        "normalizedEn": "operational"
      },
      "transferLines": [],
      "lastUpdated": "2025-04-11T09:22:34.230Z"
    },
    "ir": {
      "id": "ir",
      "name": "Irarrázaval L5",
      "displayName": "Irarrázaval L5",
      "line": "l5",
      "status": {
        "code": "1",
        "message": "Estación Operativa",
        "appMessage": "Habilitada",
        "normalized": "operativo",
        "normalizedEn": "operational"
      },
      "transferLines": [
        "l3"
      ],
      "lastUpdated": "2025-04-11T09:22:34.230Z"
    },
    "nu": {
      "id": "nu",
      "name": "Ñuble L5",
      "displayName": "Ñuble L5",
      "line": "l5",
      "status": {
        "code": "1",
        "message": "Estación Operativa",
        "appMessage": "Habilitada",
        "normalized": "operativo",
        "normalizedEn": "operational"
      },
      "transferLines": [
        "l6"
      ],
      "lastUpdated": "2025-04-11T09:22:34.230Z"
    },
    "ra": {
      "id": "ra",
      "name": "Rodrigo de Araya",
      "displayName": "Rodrigo de Araya",
      "line": "l5",
      "status": {
        "code": "1",
        "message": "Estación Operativa",
        "appMessage": "Habilitada",
        "normalized": "operativo",
        "normalizedEn": "operational"
      },
      "transferLines": [],
      "lastUpdated": "2025-04-11T09:22:34.230Z"
    },
    "cv": {
      "id": "cv",
      "name": "Carlos Valdovinos",
      "displayName": "Carlos Valdovinos",
      "line": "l5",
      "status": {
        "code": "1",
        "message": "Estación Operativa",
        "appMessage": "Habilitada",
        "normalized": "operativo",
        "normalizedEn": "operational"
      },
      "transferLines": [],
      "lastUpdated": "2025-04-11T09:22:34.230Z"
    },
    "ag": {
      "id": "ag",
      "name": "Camino Agrícola",
      "displayName": "Camino Agrícola",
      "line": "l5",
      "status": {
        "code": "1",
        "message": "Estación Operativa",
        "appMessage": "Habilitada",
        "normalized": "operativo",
        "normalizedEn": "operational"
      },
      "transferLines": [],
      "lastUpdated": "2025-04-11T09:22:34.230Z"
    },
    "sj": {
      "id": "sj",
      "name": "San Joaquín",
      "displayName": "San Joaquín",
      "line": "l5",
      "status": {
        "code": "1",
        "message": "Estación Operativa",
        "appMessage": "Habilitada",
        "normalized": "operativo",
        "normalizedEn": "operational"
      },
      "transferLines": [],
      "lastUpdated": "2025-04-11T09:22:34.230Z"
    },
    "pe": {
      "id": "pe",
      "name": "Pedrero",
      "displayName": "Pedrero",
      "line": "l5",
      "status": {
        "code": "1",
        "message": "Estación Operativa",
        "appMessage": "Habilitada",
        "normalized": "operativo",
        "normalizedEn": "operational"
      },
      "transferLines": [],
      "lastUpdated": "2025-04-11T09:22:34.230Z"
    },
    "ma": {
      "id": "ma",
      "name": "Mirador",
      "displayName": "Mirador",
      "line": "l5",
      "status": {
        "code": "1",
        "message": "Estación Operativa",
        "appMessage": "Habilitada",
        "normalized": "operativo",
        "normalizedEn": "operational"
      },
      "transferLines": [],
      "lastUpdated": "2025-04-11T09:22:34.230Z"
    },
    "lf": {
      "id": "lf",
      "name": "Bellavista de La Florida",
      "displayName": "Bellavista de La Florida",
      "line": "l5",
      "status": {
        "code": "1",
        "message": "Estación Operativa",
        "appMessage": "Habilitada",
        "normalized": "operativo",
        "normalizedEn": "operational"
      },
      "transferLines": [],
      "lastUpdated": "2025-04-11T09:22:34.230Z"
    },
    "vv": {
      "id": "vv",
      "name": "Vicente Valdés L5",
      "displayName": "Vicente Valdés L5",
      "line": "l5",
      "status": {
        "code": "1",
        "message": "Estación Operativa",
        "appMessage": "Habilitada",
        "normalized": "operativo",
        "normalizedEn": "operational"
      },
      "transferLines": [
        "l4"
      ],
      "lastUpdated": "2025-04-11T09:22:34.230Z"
    },
    "cer": {
      "id": "cer",
      "name": "Cerrillos",
      "displayName": "Cerrillos",
      "line": "l6",
      "status": {
        "code": "1",
        "message": "Estación Operativa",
        "appMessage": "Habilitada",
        "normalized": "operativo",
        "normalizedEn": "operational"
      },
      "transferLines": [],
      "lastUpdated": "2025-04-11T09:22:34.230Z"
    },
    "lva": {
      "id": "lva",
      "name": "Lo Valledor",
      "displayName": "Lo Valledor",
      "line": "l6",
      "status": {
        "code": "1",
        "message": "Estación Operativa",
        "appMessage": "Habilitada",
        "normalized": "operativo",
        "normalizedEn": "operational"
      },
      "transferLines": [],
      "lastUpdated": "2025-04-11T09:22:34.230Z"
    },
    "pac": {
      "id": "pac",
      "name": "Pdte. Pedro Aguirre Cerda",
      "displayName": "Pdte. Pedro Aguirre Cerda",
      "line": "l6",
      "status": {
        "code": "1",
        "message": "Estación Operativa",
        "appMessage": "Habilitada",
        "normalized": "operativo",
        "normalizedEn": "operational"
      },
      "transferLines": [],
      "lastUpdated": "2025-04-11T09:22:34.230Z"
    },
    "fra": {
      "id": "fra",
      "name": "Franklin L6",
      "displayName": "Franklin L6",
      "line": "l6",
      "status": {
        "code": "1",
        "message": "Estación Operativa",
        "appMessage": "Habilitada",
        "normalized": "operativo",
        "normalizedEn": "operational"
      },
      "transferLines": [
        "l2"
      ],
      "lastUpdated": "2025-04-11T09:22:34.230Z"
    },
    "bio": {
      "id": "bio",
      "name": "Bío Bío",
      "displayName": "Bío Bío",
      "line": "l6",
      "status": {
        "code": "1",
        "message": "Estación Operativa",
        "appMessage": "Habilitada",
        "normalized": "operativo",
        "normalizedEn": "operational"
      },
      "transferLines": [],
      "lastUpdated": "2025-04-11T09:22:34.230Z"
    },
    "nub": {
      "id": "nub",
      "name": "Ñuble L6",
      "displayName": "Ñuble L6",
      "line": "l6",
      "status": {
        "code": "1",
        "message": "Estación Operativa",
        "appMessage": "Habilitada",
        "normalized": "operativo",
        "normalizedEn": "operational"
      },
      "transferLines": [
        "l5"
      ],
      "lastUpdated": "2025-04-11T09:22:34.230Z"
    },
    "esn": {
      "id": "esn",
      "name": "Estadio Nacional",
      "displayName": "Estadio Nacional",
      "line": "l6",
      "status": {
        "code": "1",
        "message": "Estación Operativa",
        "appMessage": "Habilitada",
        "normalized": "operativo",
        "normalizedEn": "operational"
      },
      "transferLines": [],
      "lastUpdated": "2025-04-11T09:22:34.230Z"
    },
    "nuo": {
      "id": "nuo",
      "name": "Ñuñoa L6",
      "displayName": "Ñuñoa L6",
      "line": "l6",
      "status": {
        "code": "1",
        "message": "Estación Operativa",
        "appMessage": "Habilitada",
        "normalized": "operativo",
        "normalizedEn": "operational"
      },
      "transferLines": [
        "l3"
      ],
      "lastUpdated": "2025-04-11T09:22:34.230Z"
    },
    "isu": {
      "id": "isu",
      "name": "Inés de Suárez",
      "displayName": "Inés de Suárez",
      "line": "l6",
      "status": {
        "code": "1",
        "message": "Estación Operativa",
        "appMessage": "Habilitada",
        "normalized": "operativo",
        "normalizedEn": "operational"
      },
      "transferLines": [],
      "lastUpdated": "2025-04-11T09:22:34.230Z"
    },
    "len": {
      "id": "len",
      "name": "Los Leones L6",
      "displayName": "Los Leones L6",
      "line": "l6",
      "status": {
        "code": "1",
        "message": "Estación Operativa",
        "appMessage": "Habilitada",
        "normalized": "operativo",
        "normalizedEn": "operational"
      },
      "transferLines": [
        "l1"
      ],
      "lastUpdated": "2025-04-11T09:22:34.230Z"
    }
  },
  "version": "202504110522",
  "lastUpdated": "2025-04-11T09:22:34.229Z",
  "isFallback": false
}