{
  "_meta": {
    "version": 2,
    "migratedAt": "2025-04-11T16:22:19.863Z",
    "source": [
      "template"
    ],
    "lastUpdated": "2025-04-11T16:22:19.863Z"
  },
  "basicInfo": {
    "id": "franklin_",
    "lineId": "l6",
    "name": "Franklin L6",
    "code": "FRA",
    "displayName": "Franklin L6",
    "color": "#d85e27"
  },
  "status": {
    "code": "1",
    "description": "Estación Operativa",
    "appMessage": "Habilitada",
    "combination": "L2"
  },
  "services": {
    "tickets": {
      "selfService": false,
      "atm": false,
      "phones": false,
      "bibliometro": false,
      "clientService": false,
      "vendingMachines": false
    },
    "topUp": {
      "bipPoints": false,
      "mobileTopUp": false
    },
    "info": {
      "metroArte": false,
      "metroInforma": false
    }
  },
  "access": {
    "points": [],
    "accessibility": []
  },
  "connections": {
    "transports": [],
    "bikes": [
      "Línea Cero"
    ]
  },
  "amenities": [],
  "commerce": [],
  "schematics": [],
  "images": []
}