{
  "_meta": {
    "version": 2,
    "migratedAt": "2025-04-11T16:22:19.866Z",
    "source": [
      "template"
    ],
    "lastUpdated": "2025-04-11T16:22:19.866Z"
  },
  "basicInfo": {
    "id": "nunoa_",
    "lineId": "l6",
    "name": "Ñuñoa L6",
    "code": "NUO",
    "displayName": "Ñuñoa L6",
    "color": "#d85e27"
  },
  "status": {
    "code": "1",
    "description": "Estación Operativa",
    "appMessage": "Habilitada",
    "combination": "L3"
  },
  "services": {
    "tickets": {
      "selfService": false,
      "atm": false,
      "phones": false,
      "bibliometro": false,
      "clientService": false,
      "vendingMachines": false
    },
    "topUp": {
      "bipPoints": false,
      "mobileTopUp": false
    },
    "info": {
      "metroArte": false,
      "metroInforma": false
    }
  },
  "access": {
    "points": [],
    "accessibility": []
  },
  "connections": {
    "transports": [],
    "bikes": []
  },
  "amenities": [],
  "commerce": [],
  "schematics": [],
  "images": []
}