{
  "title": "¿LISTOS PARA EL MOSH? 🤘🎸",
  "description": "Nosotros listos para la extensión horaria hasta las 00:30 hrs., de este miércoles 30 de abril para el concierto de System Of A Down, aquí el detalle: \n\nSolo Ingreso <:l6:1362493556500988065>\n📥 Estadio Nacional.\n\nSolo salida <:l6:1362493556500988065>\n📤Cerrillos, Franklin, Ñuble, Inés de Suárez y Los Leones.\n\nSolo salida <:l3:1362493442499936477>\n📤Plaza Egaña, Irarrázaval, Universidad de Chile, Hospitales, Conchalí, y Plaza Quilicura. \n\nCombinación disponible ✅ Ñuñoa <:l6:1362493556500988065> y <:l3:1362493442499936477>",
  "color": 3447003,
  "timestamp": "2025-04-28T20:44:24.070Z",
  "thumbnail": null,
  "image": "https://cdn.discordapp.com/attachments/901592257591930920/1366514402475511858/IMG-20250428-WA0015.jpg?ex=68113936&is=680fe7b6&hm=ca737dc9ed362d63ffc653397281b713e58bbf7becd259789abce4d6b5d3874e&",
  "author": {
    "name": "Metro de Santiago",
    "icon_url": "https://pbs.twimg.com/profile_images/1842190656912883712/yg0Zfrzk.jpg",
    "url": null
  },
  "footer": {
    "text": "Posted by metromanrrss"
  },
  "fields": []
}