{
  "title": "Prueba con imagen",
  "description": "Miren estoy probando si funcionan las imágenes",
  "color": 16711680,
  "timestamp": "2025-04-20T22:14:25.354Z",
  "thumbnail": "https://cdn.discordapp.com/attachments/899997769148821555/1363638430977757354/Screenshot_20250418_120802_com_google_android_youtube_MainActivity.jpg?ex=6806c2c1&is=68057141&hm=648d94d66e24e96d53a7fb0d239daace8b2486becff3b9df07d05123ba7835b6&",
  "image": "https://cdn.discordapp.com/attachments/899997769148821555/1363638430977757354/Screenshot_20250418_120802_com_google_android_youtube_MainActivity.jpg?ex=6806c2c1&is=68057141&hm=648d94d66e24e96d53a7fb0d239daace8b2486becff3b9df07d05123ba7835b6&",
  "author": {
    "name": "Metrito",
    "icon_url": "https://cdn.discordapp.com/attachments/899997769148821555/1363638430977757354/Screenshot_20250418_120802_com_google_android_youtube_MainActivity.jpg?ex=6806c2c1&is=68057141&hm=648d94d66e24e96d53a7fb0d239daace8b2486becff3b9df07d05123ba7835b6&",
    "url": "https://cdn.discordapp.com/attachments/899997769148821555/1363638430977757354/Screenshot_20250418_120802_com_google_android_youtube_MainActivity.jpg?ex=6806c2c1&is=68057141&hm=648d94d66e24e96d53a7fb0d239daace8b2486becff3b9df07d05123ba7835b6&"
  },
  "footer": {
    "text": "Holi"
  },
  "fields": []
}