{
  "title": "<:comfy:900018448866869248> Inicia una Nueva Semana",
  "description": "Buenos días, inicia Servicio Metro, toda la Red Operativa 🫡",
  "color": 65280,
  "timestamp": "2025-04-21T10:02:45.790Z",
  "thumbnail": null,
  "image": null,
  "author": {
    "name": "MetroMan",
    "icon_url": "https://cdn.discordapp.com/avatars/1261050272906481808/f427c86f462972dd865fa5e19bf419a6.png?size=4096",
    "url": null
  },
  "footer": {
    "text": "Posted by metromanrrss"
  },
  "fields": []
}