{
  "title": "👀👀 Centropuerto se mueve de Los Héroes",
  "description": "🛫 Recuerden que desde hoy temporalmente se cambia Centropuerto a República",
  "color": 3447003,
  "timestamp": "2025-04-22T11:14:40.641Z",
  "thumbnail": null,
  "image": "https://cdn.discordapp.com/attachments/901592257591930920/1364196956280328223/Screenshot_20250422_071119_com_twitter_android_TweetDetailActivity.jpg?ex=6808caeb&is=6807796b&hm=f4c71699720ea61e843253fca16ba3ca9ee7bc79e63542650c93280af3078cf1&",
  "author": {
    "name": "@centropuertocl",
    "icon_url": "https://pbs.twimg.com/profile_images/1788649073005764608/TUqja6Kz.jpg",
    "url": null
  },
  "footer": {
    "text": "N"
  },
  "fields": []
}