{
  "title": "🌧️ Activado el Modo Lluvia",
  "description": "<:Linea1:900165458412585000> <:Linea2:900165548107784202> <:Linea4:900165548460081212> <:Linea5:900166003936329768> Han activado el programa lluvia lo que quiere decir un tránsito más lento de trenes en tramos superficiales, considera esta información en tu viaje.",
  "color": 3447003,
  "timestamp": "2025-04-25T13:34:11.306Z",
  "thumbnail": null,
  "image": null,
  "author": {
    "name": "Metro de Santiago",
    "icon_url": "https://pbs.twimg.com/profile_images/1842190656912883712/yg0Zfrzk.jpg",
    "url": null
  },
  "footer": {
    "text": "Posted by metromanrrss"
  },
  "fields": []
}