{
  "title": "📝 Justificativo Atrasos en <:Linea2:900165548107784202>",
  "description": "Atención: Si necesitas un justificativo por el retraso de hoy en #L2, puedes descargarlo [aquí](https://www.metro.cl/noticias/justificativo-23-de-abril)",
  "color": 3447003,
  "timestamp": "2025-04-23T13:46:04.860Z",
  "thumbnail": null,
  "image": null,
  "author": {
    "name": "Metro de Santiago",
    "icon_url": "https://pbs.twimg.com/profile_images/1842190656912883712/yg0Zfrzk.jpg",
    "url": null
  },
  "footer": {
    "text": "Posted by metromanrrss"
  },
  "fields": []
}