{
  "title": "🌧️ Modo Lluvia",
  "description": "☔A esta hora en <:Linea1:900165458412585000>, <:Linea2:900165548107784202>, <:Linea4:900165548460081212>, <:Linea4A:900165409234386944> y <:Linea5:900166003936329768> se establece programa lluvia, los trenes estarán operando con velocidad reducida en tramos superficiales.",
  "color": 3447003,
  "timestamp": "2025-04-23T20:22:26.523Z",
  "thumbnail": null,
  "image": null,
  "author": {
    "name": "Metro de Santiago",
    "icon_url": "https://pbs.twimg.com/profile_images/1842190656912883712/yg0Zfrzk.jpg",
    "url": null
  },
  "footer": {
    "text": "Posted by metromanrrss"
  },
  "fields": []
}