{
  "title": "Tu opinión nos importa! 🚇",
  "description": "Queremos seguir mejorando tu experiencia y para eso necesitamos escucharte.\n\nContesta nuestra encuesta y cuéntanos cómo ha sido tu viaje con nosotros.\n\nResponde [aquí](https://imperial.eu.qualtrics.com/jfe/form/SV_6VZe0cXXEQcpxFc) : ¡Te toma menos de 5 minutos!",
  "color": 3447003,
  "timestamp": "2025-04-22T18:10:48.924Z",
  "thumbnail": null,
  "image": null,
  "author": {
    "name": "Metro de Santiago",
    "icon_url": "https://pbs.twimg.com/profile_images/1842190656912883712/yg0Zfrzk.jpg",
    "url": null
  },
  "footer": {
    "text": "Posted by metromanrrss"
  },
  "fields": []
}