{
  "_meta": {
    "version": 2,
    "migratedAt": "2025-04-11T16:22:19.846Z",
    "source": [
      "template"
    ],
    "lastUpdated": "2025-04-11T16:22:19.846Z"
  },
  "basicInfo": {
    "id": "san_alberto_hurtado",
    "lineId": "l1",
    "name": "San Alberto Hurtado",
    "code": "AH",
    "displayName": "San Alberto Hurtado",
    "color": "#e2001a"
  },
  "status": {
    "code": "1",
    "description": "Estación Operativa",
    "appMessage": "Habilitada",
    "combination": []
  },
  "services": {
    "tickets": {
      "selfService": false,
      "atm": false,
      "phones": false,
      "bibliometro": false,
      "clientService": false,
      "vendingMachines": false
    },
    "topUp": {
      "bipPoints": false,
      "mobileTopUp": false
    },
    "info": {
      "metroArte": false,
      "metroInforma": false
    }
  },
  "access": {
    "points": [],
    "accessibility": []
  },
  "connections": {
    "transports": [],
    "bikes": [
      "Línea Cero"
    ]
  },
  "amenities": [],
  "commerce": [],
  "schematics": [],
  "images": []
}