{
  "_meta": {
    "version": 2,
    "migratedAt": "2025-04-11T16:22:19.845Z",
    "source": [
      "template"
    ],
    "lastUpdated": "2025-04-11T16:22:19.845Z"
  },
  "basicInfo": {
    "id": "ecuador",
    "lineId": "l1",
    "name": "Ecuador",
    "code": "EC",
    "displayName": "Ecuador",
    "color": "#e2001a"
  },
  "status": {
    "code": "1",
    "description": "Estación Operativa",
    "appMessage": "Habilitada",
    "combination": []
  },
  "services": {
    "tickets": {
      "selfService": false,
      "atm": false,
      "phones": false,
      "bibliometro": false,
      "clientService": false,
      "vendingMachines": false
    },
    "topUp": {
      "bipPoints": false,
      "mobileTopUp": false
    },
    "info": {
      "metroArte": false,
      "metroInforma": false
    }
  },
  "access": {
    "points": [],
    "accessibility": []
  },
  "connections": {
    "transports": [],
    "bikes": []
  },
  "amenities": [],
  "commerce": [],
  "schematics": [],
  "images": []
}