{
    "Bellavista de la Florida": [
        {"Tipo Servicio": "Red", "Recorrido/Operador": "E05", "Destino": "(M) La Cisterna"},
        {"Tipo Servicio": "Red", "Recorrido/Operador": "E06", "Destino": "María Angélica"},
        {"Tipo Servicio": "Red", "Recorrido/Operador": "E07", "Destino": "Rojas Magallanes"},
        {"Tipo Servicio": "Red", "Recorrido/Operador": "E08", "Destino": "Diego Portales"},
        {"Tipo Servicio": "Red", "Recorrido/Operador": "E13", "Destino": "Gabriela"},
        {"Tipo Servicio": "Red", "Recorrido/Operador": "E14", "Destino": "San José de La Estrella"},
        {"Tipo Servicio": "Red", "Recorrido/Operador": "E15c", "Destino": "Gabriela"},
        {"Tipo Servicio": "Red", "Recorrido/Operador": "E17", "Destino": "Las Perdices"},
        {"Tipo Servicio": "Red", "Recorrido/Operador": "E18", "Destino": "Hospital Padre Hurtado"},
        {"Tipo Servicio": "Red", "Recorrido/Operador": "322", "Destino": "Jardín Alto"},
        {"Tipo Servicio": "Red", "Recorrido/Operador": "323", "Destino": "La Loma"},
        {"Tipo Servicio": "Red", "Recorrido/Operador": "D13", "Destino": "(M) Irarrázaval"},
        {"Tipo Servicio": "Red", "Recorrido/Operador": "F25", "Destino": "Bajos de Mena"},
        {"Tipo Servicio": "Red", "Recorrido/Operador": "F25e", "Destino": "Bajos de Mena"},
        {"Tipo Servicio": "Rural", "Recorrido/Operador": "Flota Talagante", "Destino": "Talagante - El Monte - El Paico"},
        {"Tipo Servicio": "Interurbano", "Recorrido/Operador": "Pullman Florida", "Destino": "Rancagua - Algarrobo"}
    ],
    "Del Sol": [
        {"Tipo Servicio": "Red", "Recorrido/Operador": "I22", "Destino": "La Farfana. Santa María de Maipú"},
        {"Tipo Servicio": "Red", "Recorrido/Operador": "I07", "Destino": "Rinconada. La Galaxia."},
        {"Tipo Servicio": "Red", "Recorrido/Operador": "I09e", "Destino": "Camino a Rinconada"},
        {"Tipo Servicio": "Red", "Recorrido/Operador": "I08 P. Hurtado", "Destino": "Metro San Alberto Hurtado"},
        {"Tipo Servicio": "Red", "Recorrido/Operador": "I08 La Farfana", "Destino": "Mall Arauco Maipú"},
        {"Tipo Servicio": "Red", "Recorrido/Operador": "I35", "Destino": "Padre Hurtado"},
        {"Tipo Servicio": "Interurbano", "Recorrido/Operador": "Flixbus", "Destino": "San Antonio"},
        {"Tipo Servicio": "Red", "Recorrido/Operador": "I13", "Destino": "Cerrillo"}
    ],
    "Franklin": [
        {"Tipo Servicio": "Red", "Recorrido/Operador": "H06", "Destino": "Población Las Turbinas"},
        {"Tipo Servicio": "Red", "Recorrido/Operador": "H12", "Destino": "Población Lo Sierra"},
        {"Tipo Servicio": "Red", "Recorrido/Operador": "H14", "Destino": "Mall Florida Center"},
        {"Tipo Servicio": "Red", "Recorrido/Operador": "E04", "Destino": "Av. La Florida"},
        {"Tipo Servicio": "Red", "Recorrido/Operador": "D05", "Destino": "María Angélica"},
        {"Tipo Servicio": "Red", "Recorrido/Operador": "D07", "Destino": "Antupiren"}
    ],
    "La Cisterna": [
        {"Tipo Servicio": "Red", "Recorrido/Operador": "G04", "Destino": "Santo Tomás"},
        {"Tipo Servicio": "Red", "Recorrido/Operador": "G05", "Destino": "El Castillo"},
        {"Tipo Servicio": "Red", "Recorrido/Operador": "F05", "Destino": "Pie Andino"},
        {"Tipo Servicio": "Red", "Recorrido/Operador": "F06", "Destino": "Pie Andino"},
        {"Tipo Servicio": "Red", "Recorrido/Operador": "F20", "Destino": "Pie Andino"},
        {"Tipo Servicio": "Red", "Recorrido/Operador": "G08", "Destino": "Población La Selva"},
        {"Tipo Servicio": "Red", "Recorrido/Operador": "G08v", "Destino": "Nos"},
        {"Tipo Servicio": "Red", "Recorrido/Operador": "G13", "Destino": "El Castillo"},
        {"Tipo Servicio": "Red", "Recorrido/Operador": "G15", "Destino": "Santo Tomás"},
        {"Tipo Servicio": "Red", "Recorrido/Operador": "G16", "Destino": "Lo Blanco"},
        {"Tipo Servicio": "Red", "Recorrido/Operador": "G22", "Destino": "Villa España"},
        {"Tipo Servicio": "Red", "Recorrido/Operador": "211c", "Destino": "San Bernardo"},
        {"Tipo Servicio": "Red", "Recorrido/Operador": "219e", "Destino": "Ciudad Empresarial"},
        {"Tipo Servicio": "Red", "Recorrido/Operador": "228", "Destino": "Angelmó"},
        {"Tipo Servicio": "Red", "Recorrido/Operador": "301c", "Destino": "Angelmó"},
        {"Tipo Servicio": "Red", "Recorrido/Operador": "428", "Destino": "Quilicura"},
        {"Tipo Servicio": "Red", "Recorrido/Operador": "428e", "Destino": "(M) Bellavista de la Florida"},
        {"Tipo Servicio": "Red", "Recorrido/Operador": "E18", "Destino": "(M) Los Libertadores"},
        {"Tipo Servicio": "Red", "Recorrido/Operador": "444", "Destino": "Intermodal Aeropuerto"}
    ],
    "Lo Ovalle": [
        {"Tipo Servicio": "Red", "Recorrido/Operador": "H03", "Destino": "Mall Plaza Oeste"},
        {"Tipo Servicio": "Red", "Recorrido/Operador": "H07", "Destino": "(M) Ñuble"},
        {"Tipo Servicio": "Red", "Recorrido/Operador": "H08", "Destino": "Población Las Turbinas"},
        {"Tipo Servicio": "Red", "Recorrido/Operador": "I05", "Destino": "Rinconada"},
        {"Tipo Servicio": "Red", "Recorrido/Operador": "321", "Destino": "Lo Sierra"},
        {"Tipo Servicio": "Red", "Recorrido/Operador": "348", "Destino": "Rinconada"},
        {"Tipo Servicio": "Red", "Recorrido/Operador": "E02", "Destino": "Diego Portales"},
        {"Tipo Servicio": "Red", "Recorrido/Operador": "E03", "Destino": "Jardín Alto"},
        {"Tipo Servicio": "Red", "Recorrido/Operador": "G11", "Destino": "Lo Blanco"},
        {"Tipo Servicio": "Red", "Recorrido/Operador": "G12", "Destino": "Cementerio Metropolitano"},
        {"Tipo Servicio": "Red", "Recorrido/Operador": "G18", "Destino": "Santo Tomás"}
    ],
    "Los Libertadores": [
        {"Tipo Servicio": "Red", "Recorrido/Operador": "307c", "Destino": "Lo Marcoleta"},
        {"Tipo Servicio": "Red", "Recorrido/Operador": "428E", "Destino": "(M) La Cisterna"},
        {"Tipo Servicio": "Red", "Recorrido/Operador": "B04", "Destino": "Mapocho"},
        {"Tipo Servicio": "Red", "Recorrido/Operador": "B07", "Destino": "Parque Industrial"},
        {"Tipo Servicio": "Red", "Recorrido/Operador": "B08", "Destino": "Lo Marcoleta"},
        {"Tipo Servicio": "Red", "Recorrido/Operador": "B05", "Destino": "Ciudad Empresarial"},
        {"Tipo Servicio": "Red", "Recorrido/Operador": "B33", "Destino": "Buenaventura"},
        {"Tipo Servicio": "Red", "Recorrido/Operador": "B18e", "Destino": "Villa Pucará"},
        {"Tipo Servicio": "Red", "Recorrido/Operador": "B26", "Destino": "(M) Estación Central"},
        {"Tipo Servicio": "Red", "Recorrido/Operador": "B36", "Destino": "Pedro Fontova"},
        {"Tipo Servicio": "Rural", "Recorrido/Operador": "Buses Damir", "Destino": "Colina"},
        {"Tipo Servicio": "Interurbano", "Recorrido/Operador": "Flixbus", "Destino": "Los Andes"},
        {"Tipo Servicio": "Interurbano", "Recorrido/Operador": "Flixbus", "Destino": "Coquimbo"},
        {"Tipo Servicio": "Interurbano", "Recorrido/Operador": "Flixbus", "Destino": "San Felipe"},
        {"Tipo Servicio": "Interurbano", "Recorrido/Operador": "Flixbus", "Destino": "Serena"},
        {"Tipo Servicio": "Red", "Recorrido/Operador": "B35", "Destino": "Zapadores"},
        {"Tipo Servicio": "Red", "Recorrido/Operador": "B42", "Destino": "Valle Grande"}
    ],
    "Pajaritos": [
        {"Tipo Servicio": "Interurbano", "Recorrido/Operador": "Pullman", "Destino": "Valparaíso"},
        {"Tipo Servicio": "Interurbano", "Recorrido/Operador": "Pullman", "Destino": "Viña del Mar"},
        {"Tipo Servicio": "Interurbano", "Recorrido/Operador": "Pullman", "Destino": "Villa Alemana"},
        {"Tipo Servicio": "Interurbano", "Recorrido/Operador": "Pullman", "Destino": "Concón"},
        {"Tipo Servicio": "Interurbano", "Recorrido/Operador": "Turbus", "Destino": "Valparaíso"},
        {"Tipo Servicio": "Interurbano", "Recorrido/Operador": "Turbus", "Destino": "Viña del Mar"},
        {"Tipo Servicio": "Interurbano", "Recorrido/Operador": "Turbus", "Destino": "Villa Alemana"},
        {"Tipo Servicio": "Interurbano", "Recorrido/Operador": "Turbus", "Destino": "Curauma"},
        {"Tipo Servicio": "Interurbano", "Recorrido/Operador": "Flixbus", "Destino": "Viña del Mar"},
        {"Tipo Servicio": "Interurbano", "Recorrido/Operador": "Flixbus", "Destino": "Valparaíso"},
        {"Tipo Servicio": "Interurbano", "Recorrido/Operador": "Condor bus", "Destino": "Valparaíso"},
        {"Tipo Servicio": "Interurbano", "Recorrido/Operador": "Condor bus", "Destino": "Viña del Mar"},
        {"Tipo Servicio": "Interurbano", "Recorrido/Operador": "Condor Bus", "Destino": "Villa Alemana"},
        {"Tipo Servicio": "Interurbano", "Recorrido/Operador": "Paravías", "Destino": "Curacaví"},
        {"Tipo Servicio": "Interurbano", "Recorrido/Operador": "Paravías", "Destino": "Casablanca"},
        {"Tipo Servicio": "Rural", "Recorrido/Operador": "Viajaquí", "Destino": "Curacaví"},
        {"Tipo Servicio": "Red", "Recorrido/Operador": "555", "Destino": "Intermodal Aeropuerto Red Movilidad"},
        {"Tipo Servicio": "Otros", "Recorrido/Operador": "Centro Puerto", "Destino": "Aeropuerto Internacional Arturo Merino Benítez (Terminal 1 y 2)"},
        {"Tipo Servicio": "Otros", "Recorrido/Operador": "Turbus", "Destino": "Aeropuerto Internacional Arturo Merino Benítez (Terminal 1 y 2)"}
    ],
    "Vespucio Norte": [
        {"Tipo Servicio": "Red", "Recorrido/Operador": "117", "Destino": "San Joaquín"},
        {"Tipo Servicio": "Red", "Recorrido/Operador": "B16", "Destino": "El Carmen"},
        {"Tipo Servicio": "Red", "Recorrido/Operador": "B18", "Destino": "Villa Pucará"},
        {"Tipo Servicio": "Red", "Recorrido/Operador": "B25", "Destino": "(M) Cerro Blanco"},
        {"Tipo Servicio": "Red", "Recorrido/Operador": "B27", "Destino": "(M) Salvador"},
        {"Tipo Servicio": "Red", "Recorrido/Operador": "B19", "Destino": "(M) Cardenal Caro"},
        {"Tipo Servicio": "Red", "Recorrido/Operador": "B43", "Destino": "San Luis Norte"},
        {"Tipo Servicio": "Rural", "Recorrido/Operador": "JM. Amade", "Destino": "Batuco - Lampa (por autopista)"},
        {"Tipo Servicio": "Rural", "Recorrido/Operador": "Cobrexpress", "Destino": "Colina - Til Til"},
        {"Tipo Servicio": "Rural", "Recorrido/Operador": "Viajaquí", "Destino": "Chicauma"},
        {"Tipo Servicio": "Otro", "Recorrido/Operador": "La Pirámide", "Destino": "Universidad Mayor"}
    ]
}