{
    "Bellavista de la Florida": {
        "Servicios": ["Cajeros Automáticos", "Locales Comerciales", "Máquinas Vending"],
        "Ubicación": "Av. Vicuña Mackenna con Serafin Zamora",
        "Comuna": "La Florida",
        "Inauguración": "1998",
        "N.º de andenes": "5",
        "Operador": "Metro S.A."
    },
    "Del Sol": {
        "Servicios": ["Ninguno"],
        "Ubicación": "Av. Los Pajaritos 3820",
        "Comuna": "Maipú",
        "Inauguración": "14 de abril de 2011",
        "N.º de andenes": "14",
        "Operador": "Metro S.A."
    },
    "Franklin": {
        "Servicios": ["Cajeros Automáticos", "Locales Comerciales", "Máquinas Vending"],
        "Ubicación": "Nataniel Cox entre Placer y Centenario",
        "Comuna": "Santiago",
        "Inauguración": "10 de febrero de 2020",
        "N.º de andenes": "6 urbanos",
        "Operador": "Metro S.A."
    },
    "La Cisterna": {
        "Servicios": ["Cajeros Automáticos", "Locales Comerciales", "Máquinas Vending"],
        "Ubicación": "Av. Américo Vespucio 33",
        "Comuna": "La Cisterna",
        "Inauguración": "26 de mayo de 2007",
        "N.º de andenes": "19",
        "Operador": "Sociedad Concesionaria Intermodal La Cisterna S.A."
    },
    "Lo Ovalle": {
        "Servicios": ["Baños Públicos", "Locales Comerciales", "Máquinas Vending"],
        "Ubicación": "Carvajal con Gran Avenida",
        "Comuna": "La Cisterna",
        "Inauguración": "13 de diciembre de 1990",
        "N.º de andenes": "7",
        "Operador": "Metro S.A."
    },
    "Los Libertadores": {
        "Servicios": ["Cajeros Automáticos"],
        "Ubicación": "Avenida Américo Vespucio con Autopista Los Libertadores",
        "Comuna": "Quilicura",
        "Inauguración": "28 de noviembre de 2020",
        "N.º de andenes": "22 (13 urbanos + 9 interurbanos y rurales)",
        "Operador": "Metro S.A."
    },
    "Pajaritos": {
        "Servicios": ["Cajeros Automáticos", "Baños Públicos", "Locales Comerciales", "Máquinas Vending"],
        "Ubicación": "Sin Información",
        "Comuna": "Sin Información",
        "Inauguración": "Sin Información",
        "N.º de andenes": "Sin Información",
        "Operador": "Sin Información"
    },
    "Vespucio Norte": {
        "Servicios": ["Cajeros Automáticos", "Baños Públicos", "Locales Comerciales", "Máquinas Vending"],
        "Ubicación": "Av. Américo Vespucio con Av. Principal Capitán Ignacio Carrera Pinto",
        "Comuna": "Recoleta",
        "Inauguración": "4 de febrero de 2008",
        "N.º de andenes": "9",
        "Operador": "Metro S.A."
    }
}