{
    "name": "Metro de Santiago",
    "system": "Red Metropolitana de Movilidad",
    "inauguration": "15 de septiembre de 1975",
    "technicalCharacteristics": {
        "length": "149 km",
        "stations": 143,
        "trackGauge": "1435 mm (ancho estándar)",
        "electrification": "750 VCC mediante barra guía, tercer riel y catenaria",
        "maxSpeed": "80 km/h"
    },
    "operation": {
        "status": "En servicio",
        "lines": 7,
        "cars": 1440,
        "passengers": 1641344,
        "fleet": "245 trenes fabricados por Alstom y CAF",
        "averageSpeed": "34.4 km/h",
        "operator": "Metro S.A."
    },
    "mapUrl": "https://www.metro.cl/tu-viaje/plano-de-red"
}