{
    "l1": {
        "San Pablo": {},
        "Neptuno": {},
        "Pajaritos": {},
        "Las Rejas": {},
        "Ecuador": {},
        "San Alberto Hurtado": {
            "aliases": [
                "Pila de Ganso"
            ]
        },
        "Universidad de Santiago": {},
        "Estación Central": {
            "aliases": [
                "Alameda"
            ]
        },
        "Unión Latinoamericana": {
            "aliases": [
                "U.L.A."
            ]
        },
        "República": {},
        "Los Héroes": {},
        "La Moneda": {},
        "Universidad de Chile": {},
        "Santa Lucía": {},
        "Universidad Católica": {},
        "Baquedano": {},
        "Salvador": {},
        "Manuel Montt": {},
        "Pedro de Valdivia": {},
        "Los Leones": {},
        "Tobalaba": {},
        "El Golf": {},
        "Alcántara": {},
        "Escuela Militar": {},
        "Manquehue": {},
        "Hernando de Magallanes": {},
        "Los Dominicos": {}
    },
    "l2": {
        "Vespucio Norte": {
            "ruta": "Común"
        },
        "Zapadores": {
            "ruta": "Común"
        },
        "Dorsal": {
            "ruta": "Ruta Roja"
        },
        "Einstein": {
            "ruta": "Ruta Verde"
        },
        "Cementerios": {
            "ruta": "Ruta Roja"
        },
        "Cerro Blanco": {
            "ruta": "Ruta Verde"
        },
        "Patronato": {
            "ruta": "Ruta Roja"
        },
        "Puente Cal y Canto L2": {
            "ruta": "Común"
        },
        "Santa Ana L2": {
            "ruta": "Común"
        },
        "Los Héroes L2": {
            "ruta": "Común"
        },
        "Toesca": {
            "ruta": "Ruta Verde"
        },
        "Parque O'Higgins": {
            "ruta": "Ruta Roja"
        },
        "Rondizzoni": {
            "ruta": "Ruta Verde"
        },
        "Franklin L2": {
            "ruta": "Común"
        },
        "El Llano": {
            "ruta": "Ruta Roja"
        },
        "San Miguel": {
            "ruta": "Ruta Verde"
        },
        "Lo Vial": {
            "ruta": "Ruta Roja"
        },
        "Departamental": {
            "ruta": "Ruta Verde"
        },
        "Ciudad del Niño": {
            "ruta": "Ruta Roja"
        },
        "Lo Ovalle": {
            "ruta": "Común"
        },
        "El Parrón": {
            "ruta": "Ruta Verde"
        },
        "La Cisterna L2": {
            "ruta": "Común"
        },
        "El Bosque": {
            "ruta": "Ruta Roja"
        },
        "Observatorio": {
            "ruta": "Ruta Verde"
        },
        "Copa Lo Martinez": {
            "ruta": "Ruta Roja"
        },
        "Hospital El Pino": {
            "ruta": "Común"
        }
    },
    "l3": {
        "Plaza Quilicura": {},
        "Lo Cruzat": {},
        "Ferrocarril": {},
        "Los Libertadores": {},
        "Cardenal Caro": {},
        "Vivaceta": {},
        "Conchalí": {},
        "Plaza Chacabuco": {},
        "Hospitales": {},
        "Puente Cal y Canto": {},
        "Plaza de Armas": {},
        "Universidad de Chile": {},
        "Parque Almagro": {},
        "Matta": {},
        "Irarrázaval": {},
        "Monseñor Eyzaguirre": {},
        "Ñuñoa": {},
        "Chile España": {},
        "Villa Frei": {},
        "Plaza Egaña": {},
        "Fernando Castillo Velasco": {}
    },
    "l4": {
        "Tobalaba L4": {
            "ruta": "Común"
        },
        "Cristóbal Colón": {
            "ruta": "Ruta Verde"
        },
        "Francisco Bilbao": {
            "ruta": "Común"
        },
        "Príncipe de Gales": {
            "ruta": "Ruta Roja"
        },
        "Simón Bolivar": {
            "ruta": "Ruta Verde"
        },
        "Plaza Egaña L4": {
            "ruta": "Común"
        },
        "Los Orientales": {
            "ruta": "Ruta Roja"
        },
        "Grecia": {
            "ruta": "Ruta Verde"
        },
        "Los Presidentes": {
            "ruta": "Ruta Roja"
        },
        "Quilín": {
            "ruta": "Ruta Verde"
        },
        "Las Torres": {
            "ruta": "Ruta Roja"
        },
        "Macul": {
            "ruta": "Común"
        },
        "Vicuña Mackenna L4": {
            "ruta": "Común"
        },
        "Vicente Valdés L4": {
            "ruta": "Común"
        },
        "Rojas Magallanes": {
            "ruta": "Ruta Verde"
        },
        "Trinidad": {
            "ruta": "Ruta Roja"
        },
        "San José de la Estrella": {
            "ruta": "Ruta Verde"
        },
        "Los Quillayes": {
            "ruta": "Ruta Roja"
        },
        "Elisa Correa": {
            "ruta": "Común"
        },
        "Hospital Sótero del Río": {
            "ruta": "Común"
        },
        "Protectora de la Infancia": {
            "ruta": "Ruta Verde"
        },
        "Las Mercedes": {
            "ruta": "Ruta Roja"
        },
        "Plaza de Puente Alto": {
            "ruta": "Común"
        }
    },
    "l4a": {
        "Vicuña Mackenna": {},
        "Santa Julia": {},
        "La Granja": {},
        "Santa Rosa": {},
        "San Ramón": {},
        "La Cisterna": {}
    },
    "l5": {
        "Plaza de Maipú": {
            "ruta": "Común"
        },
        "Santiago Bueras": {
            "ruta": "Ruta Roja"
        },
        "Del Sol": {
            "ruta": "Ruta Verde"
        },
        "Monte Tabor": {
            "ruta": "Ruta Roja"
        },
        "Las Parcelas": {
            "ruta": "Ruta Verde"
        },
        "Laguna Sur": {
            "ruta": "Común"
        },
        "Barrancas": {
            "ruta": "Ruta Roja"
        },
        "Pudahuel": {
            "ruta": "Común"
        },
        "San Pablo L5": {
            "ruta": "Común"
        },
        "Lo Prado": {
            "ruta": "Ruta Verde"
        },
        "Blanqueado": {
            "ruta": "Ruta Roja"
        },
        "Gruta de Lourdes": {
            "ruta": "Ruta Verde"
        },
        "Quinta Normal": {
            "ruta": "Ruta Roja"
        },
        "Cumming": {
            "ruta": "Ruta Verde"
        },
        "Santa Ana L5": {
            "ruta": "Común"
        },
        "Plaza de Armas L5": {
            "ruta": "Común"
        },
        "Bellas Artes": {
            "ruta": "Ruta Roja"
        },
        "Baquedano L5": {
            "ruta": "Común"
        },
        "Parque Bustamante": {
            "ruta": "Ruta Roja"
        },
        "Santa Isabel": {
            "ruta": "Ruta Verde"
        },
        "Irarrázaval L5": {
            "ruta": "Común"
        },
        "Ñuble L5": {
            "ruta": "Común"
        },
        "Rodrigo de Araya": {
            "ruta": "Ruta Roja"
        },
        "Carlos Valdovinos": {
            "ruta": "Ruta Verde"
        },
        "Camino Agrícola": {
            "ruta": "Ruta Roja"
        },
        "San Joaquín": {
            "ruta": "Común"
        },
        "Pedrero": {
            "ruta": "Ruta Verde"
        },
        "Mirador": {
            "ruta": "Ruta Roja"
        },
        "Bellavista de La Florida": {
            "ruta": "Común"
        },
        "Vicente Valdés L5": {
            "ruta": "Común"
        }
    },
    "l6": {
        "Cerrillos": {},
        "Lo Valledor": {},
        "Pedro Aguirre Cerda": {},
        "Franklin": {},
        "Bío Bío": {},
        "Ñuble": {},
        "Estadio Nacional": {},
        "Ñuñoa": {},
        "Inés de Suárez": {},
        "Los Leones": {}
    }
}

