{
    "NS-74": {
        "exterior": "https://media.discordapp.net/attachments/792250794296606743/903284826658996274/NS-74.jpg?width=624&height=468"
    },
    "NS-88": {
        "exterior": "https://media.discordapp.net/attachments/792250794296606743/903285295573794896/7014689705_11872e5429_b.png?width=624&height=468"
    },
    "NS-93": {
        "exterior": "https://media.discordapp.net/attachments/792250794296606743/903285715159359559/25C32591uble2B2060.png"
    },
    "AS-02": {
        "exterior": "https://media.discordapp.net/attachments/792250794296606743/903285944688476170/9338062297_c715609f5d.png"
    },
    "NS-04": {
        "exterior": "https://media.discordapp.net/attachments/792250794296606743/903286159671693352/44004482080_f4f3ee69b3.png"
    },
    "NS-07": {
        "exterior": "https://media.discordapp.net/attachments/792250794296606743/903286485049024532/45728557614_9668d12943.png"
    },
    "NS-12": {
        "exterior": "https://media.discordapp.net/attachments/792250794296606743/903286485049024532/45728557614_9668d12943.png"
    },
    "AS-14": {
        "exterior": "https://media.discordapp.net/attachments/792250794296606743/903286991641280532/Captura-de-pantalla-2018-12-25-a-las-14.png?width=792&height=468"
    },
    "NS-16": {
        "exterior": "https://media.discordapp.net/attachments/792250794296606743/903287174001225770/maxresdefault.png?width=831&height=467"
    }
}