{
  "modelos": {
    "NS-74": {
      "datos_generales": {
        "fabricante": "Alsthom Groupe Brissonneau",
        "año_fabricacion": "1972-1981",
        "unidades_fabricadas": {
          "trenes": 49,
          "unidades": 245,
          "en_servicio": {
            "trenes": 24,
            "unidades": 168
          }
        },
        "matriculacion_nacional": "3001 a 3049",
        "servicios": "Pasajeros",
        "operador": "Metro de Santiago"
      },
      "caracteristicas_tecnicas": {
        "tipo_traccion": "Eléctrica",
        "disposicion_ejes": "B'B' (coches M y N), 2'2' (coches P y R)",
        "ancho_via": "1435 mm",
        "composicion": ["5 coches: M+P+N+R+M", "7 coches: M+P+N+R+N+R+M"],
        "velocidad_maxima": "80 km/h",
        "dimensiones": {
          "longitud": {
            "5_coches": "82.90 m",
            "7_coches": "116.26 m"
          },
          "anchura": "2.6 m",
          "altura": "3.61 m"
        },
        "peso": {
          "5_coches": "126 t",
          "7_coches": "175 t"
        },
        "motores_electricos": {
          "numero": "4 por coche motor",
          "alimentacion": "750 VCC barra guía",
          "tipo": "Asíncrono",
          "potencia": "1442 kW"
        },
        "transmision": "JH",
        "frenos": ["Dinámico", "Reostático", "Regenerativo", "Neumático"],
        "prestaciones": {
          "ventilacion": "Forzada",
          "plazas": {
            "5_coches": 950,
            "7_coches": 1315
          }
        },
        "conexiones": {
          "acoplamiento": "Scharfenberg"
        },
        "equipamiento": {
          "proteccion": ["Palancas de alarma", "SACEM"]
        }
      }
    },
    "NS-93": {
      "datos_generales": {
        "fabricante": "GEC-Alsthom",
        "año_fabricacion": "1996-2003",
        "unidades_fabricadas": {
          "trenes": 34,
          "unidades": 236,
          "en_servicio": {
            "trenes": 32,
            "unidades": 231
          }
        },
        "matriculacion_nacional": "2051 a 2084",
        "servicios": "Pasajeros",
        "operador": "Metro de Santiago"
      },
      "caracteristicas_tecnicas": {
        "tipo_traccion": "Eléctrica",
        "disposicion_ejes": "B'B' (coche N), 2'2' (coches S y R)",
        "ancho_via": "1435 mm",
        "composicion": [
          "6 coches: S+N+NP+N+N+S",
          "7 coches: S+N+NP+N+R+N+S",
          "8 coches: S+N+N+NP+N+R+N+S"
        ],
        "velocidad_maxima": "80 km/h",
        "dimensiones": {
          "longitud": {
            "6_coches": "90.28 m",
            "7_coches": "105.16 m",
            "8_coches": "120.04 m"
          },
          "anchura": "2.5 m",
          "altura": "3.7 m"
        },
        "peso": {
          "6_coches": "144 t",
          "7_coches": "156 t",
          "8_coches": "188 t"
        },
        "motores_electricos": {
          "numero": "4 por coche motor",
          "alimentacion": "750 VCC barra guía",
          "tipo": "Asíncrono",
          "potencia": "2700 kW"
        },
        "transmision": "IGBT – GTO",
        "frenos": ["Dinámico", "Regenerativo", "Neumático"],
        "prestaciones": {
          "climatizacion": ["Ventilación forzada", "Aire acondicionado"],
          "plazas": {
            "6_coches": 1145,
            "7_coches": 1315,
            "8_coches": 1400
          }
        },
        "conexiones": {
          "acoplamiento": "Scharfenberg"
        },
        "equipamiento": {
          "proteccion": ["Palancas de alarma", "CBTC", "SACEM"]
        }
      }
    },
    "NS-88": {
      "datos_generales": {
        "fabricante": "Concarril",
        "año_fabricacion": "1987",
        "unidades_fabricadas": {
          "trenes": 1,
          "unidades": 5
        },
        "matriculacion_nacional": "3050",
        "servicios": "Pasajeros",
        "operador": "Metro de Santiago"
      },
      "caracteristicas_tecnicas": {
        "tipo_traccion": "Eléctrica",
        "disposicion_ejes": "B'B' (coches M y N), 2'2' (coches P y R)",
        "ancho_via": "1435 mm",
        "composicion": ["5 coches: M+P+N+R+M"],
        "velocidad_maxima": "90 km/h",
        "dimensiones": {
          "longitud": "81 m",
          "anchura": "2.5 m",
          "altura": "3.61 m"
        },
        "peso": "126 t",
        "motores_electricos": {
          "numero": "4 por coche motor",
          "alimentacion": "750 VCC barra guía",
          "tipo": "Asíncrono",
          "potencia": "1442 kW"
        },
        "transmision": "JH",
        "frenos": ["Dinámico", "Reostático", "Regenerativo", "Neumático"],
        "prestaciones": {
          "ventilacion": "Forzada",
          "plazas": 950
        },
        "conexiones": {
          "acoplamiento": "Scharfenberg"
        },
        "equipamiento": {
          "proteccion": ["Palancas de alarma", "SACEM"]
        }
      }
    },
    "AS-02": {
      "datos_generales": {
        "fabricante": "Alstom Brasil",
        "año_fabricacion": "2004-2010",
        "unidades_fabricadas": {
          "trenes": 72,
          "unidades": 216,
          "en_servicio": {
            "trenes": 69,
            "unidades": 207
          }
        },
        "matriculacion_nacional": "4401 a 4472",
        "servicios": "Pasajeros",
        "operador": "Metro de Santiago"
      },
      "caracteristicas_tecnicas": {
        "tipo_traccion": "Eléctrica",
        "ancho_via": "1435 mm",
        "composicion": ["3 coches: M+R+M (tren modular)"],
        "velocidad_maxima": "100 km/h",
        "dimensiones": {
          "longitud": "67.25 m",
          "anchura": "2.9 m",
          "altura": "3.6 m"
        },
        "peso": "160 t",
        "motores_electricos": {
          "alimentacion": "750 VCC tercer riel",
          "tipo": "Asíncrono",
          "potencia": "2400 kW"
        },
        "transmision": "IGBT",
        "frenos": ["Dinámico", "Regenerativo", "Neumático"],
        "prestaciones": {
          "ventilacion": "Forzada"
        },
        "conexiones": {
          "mando_multiple": "2 módulos"
        },
        "equipamiento": {
          "proteccion": ["Palancas de alarma", "Urbalis"]
        }
      }
    },
    "NS-04": {
      "datos_generales": {
        "fabricante": "Alstom Brasil",
        "año_fabricacion": "2006-2007",
        "unidades_fabricadas": {
          "trenes": 11,
          "unidades": 85
        },
        "matriculacion_nacional": "2085 a 2095",
        "servicios": "Pasajeros",
        "operador": "Metro de Santiago"
      },
      "caracteristicas_tecnicas": {
        "tipo_traccion": "Eléctrica",
        "disposicion_ejes": "B'B' (coche N), 2'2' (coche S)",
        "ancho_via": "1435 mm",
        "composicion": [
          "7 coches: S+N+NP+N+N+N+S",
          "8 coches: S+N+N+NP+N+N+N+S"
        ],
        "velocidad_maxima": "80 km/h",
        "dimensiones": {
          "longitud": {
            "7_coches": "115.26 m",
            "8_coches": "131.44 m"
          },
          "anchura": "2.6 m",
          "altura": "3.61 m"
        },
        "peso": "261 t",
        "motores_electricos": {
          "numero": "4 por coche motor",
          "alimentacion": "750 VCC barra guía",
          "tipo": "Asíncrono",
          "potencia": "2400 kW"
        },
        "transmision": "IGBT",
        "frenos": ["Dinámico", "Regenerativo", "Neumático"],
        "prestaciones": {
          "ventilacion": "Forzada",
          "plazas": 1300
        },
        "conexiones": {
          "acoplamiento": "Scharfenberg"
        },
        "equipamiento": {
          "proteccion": ["Palancas de alarma", "SACEM"]
        }
      }
    },
    "NS-07": {
      "datos_generales": {
        "fabricante": "CAF",
        "año_fabricacion": "2009-2010",
        "unidades_fabricadas": {
          "trenes": 20,
          "unidades": 180,
          "en_servicio": {
            "trenes": 19,
            "unidades": 171
          }
        },
        "matriculacion_nacional": "2096 a 2115",
        "servicios": "Pasajeros",
        "operador": "Metro de Santiago"
      },
      "caracteristicas_tecnicas": {
        "tipo_traccion": "Eléctrica",
        "ancho_via": "1435 mm",
        "composicion": ["9 coches: M+R+N+NP+R+N+N+R+M"],
        "velocidad_maxima": "80 km/h",
        "dimensiones": {
          "longitud": "135.68 m",
          "anchura": "2.6 m",
          "altura": "3.7 m"
        },
        "peso": "218 t",
        "motores_electricos": {
          "alimentacion": "750 VCC barra guía",
          "tipo": "Asíncrono",
          "potencia": "2500 kW"
        },
        "transmision": "IGBT",
        "frenos": ["Dinámico", "Regenerativo", "Neumático"],
        "prestaciones": {
          "climatizacion": "Aire acondicionado",
          "plazas": 1494
        },
        "conexiones": {
          "acoplamiento": "Scharfenberg"
        },
        "equipamiento": {
          "proteccion": ["Palancas de alarma", "CBTC"]
        }
      }
    },
    "NS-12": {
      "datos_generales": {
        "fabricante": "Construcciones y Auxiliar de Ferrocarriles",
        "año_fabricacion": "2012-2013",
        "unidades_fabricadas": {
          "trenes": 14,
          "unidades": 126
        },
        "matriculacion_nacional": "2116 a 2129",
        "servicios": "Pasajeros",
        "operador": "Metro de Santiago"
      },
      "caracteristicas_tecnicas": {
        "tipo_traccion": "Eléctrica",
        "ancho_via": "1435 mm",
        "composicion": ["9 coches: M+R+N+NP+R+N+N+R+M"],
        "velocidad_maxima": "80 km/h",
        "dimensiones": {
          "longitud": "135.68 m",
          "anchura": "2.6 m",
          "altura": "3.7 m"
        },
        "peso": "218 t",
        "motores_electricos": {
          "alimentacion": "750 VCC barra guía",
          "tipo": "Asíncrono",
          "potencia": "2500 kW"
        },
        "transmision": "IGBT",
        "frenos": ["Dinámico", "Regenerativo", "Neumático"],
        "prestaciones": {
          "climatizacion": "Aire acondicionado",
          "plazas": 1494
        },
        "conexiones": {
          "acoplamiento": "Scharfenberg"
        },
        "equipamiento": {
          "proteccion": ["Palancas de alarma", "CBTC"]
        }
      }
    },
    "AS-14": {
      "datos_generales": {
        "fabricante": "CAF",
        "año_fabricacion": "2015-2017",
        "unidades_fabricadas": {
          "trenes": 41,
          "unidades": 205
        },
        "matriculacion_nacional": "2201 a 2241",
        "servicios": "Pasajeros",
        "operador": "Metro de Santiago"
      },
      "caracteristicas_tecnicas": {
        "tipo_traccion": "Eléctrica",
        "ancho_via": "1435 mm",
        "composicion": ["5 coches S+N+NP+N+S"],
        "velocidad_maxima": "80 km/h",
        "dimensiones": {
          "longitud": "120 m",
          "anchura": "2.9 m",
          "altura": "3.6 m (sin pantógrafo)"
        },
        "peso": "170 t",
        "motores_electricos": {
          "alimentacion": "750 VCC catenaria",
          "tipo": "Asíncrono"
        },
        "transmision": "IGBT",
        "frenos": ["Dinámico", "Regenerativo", "Neumático"],
        "prestaciones": {
          "climatizacion": "Aire acondicionado",
          "plazas": 1285
        },
        "conexiones": {
          "pantografos": 2
        },
        "equipamiento": {
          "proteccion": ["Palancas de alarma", "CBTC"]
        }
      }
    },
    "NS-16": {
      "datos_generales": {
        "fabricante": "Alstom Chile",
        "año_fabricacion": "2017-2021",
        "unidades_fabricadas": {
          "trenes": 35,
          "unidades": 245
        },
        "matriculacion_nacional": "2130 a 2164",
        "servicios": "Pasajeros",
        "operador": "Metro de Santiago"
      },
      "caracteristicas_tecnicas": {
        "tipo_traccion": "Eléctrica",
        "ancho_via": "1435 mm",
        "composicion": ["7 coches: S+N+NP+R+N+N+S"],
        "velocidad_maxima": "80 km/h",
        "dimensiones": {
          "longitud": "121.8 m",
          "anchura": "2.6 m",
          "altura": "3.61 m"
        },
        "peso": "180 t",
        "motores_electricos": {
          "alimentacion": "750 VCC barra guía",
          "tipo": "Asíncrono",
          "potencia": "2500 kW"
        },
        "transmision": "IGBT",
        "frenos": ["Dinámico", "Regenerativo", "Neumático"],
        "prestaciones": {
          "climatizacion": "Aire acondicionado",
          "plazas": 1340
        },
          "conexiones": {
          "acoplamiento": "Scharfenberg"
        },
        "equipamiento": {
          "proteccion": ["Palancas de alarma", "SACEM"]
        }
      }
    }
}
  }