{
  "station": "Einstein",
  "line": "l2",
  "accesses": [
    {
      "id": "A",
      "name": "Acceso A",
      "description": "Av. Einstein",
      "status": "abierto",
      "lastUpdated": "2025-04-26T15:02:15.241Z",
      "notes": ""
    }
  ],
  "elevators": [
    {
      "id": "PI",
      "from": "Andén Hospital El Pino",
      "to": "Boletería",
      "fullPath": "Andén Hospital El Pino→Boletería",
      "segments": [
        "Andén Hospital El Pino",
        "Boletería"
      ],
      "status": "operativa",
      "lastUpdated": "2025-04-26T15:02:15.241Z",
      "notes": ""
    },
    {
      "id": "AV",
      "from": "Andén Vespucio Norte",
      "to": "Boletería",
      "fullPath": "Andén Vespucio Norte→Boletería",
      "segments": [
        "Andén Vespucio Norte",
        "Boletería"
      ],
      "status": "operativa",
      "lastUpdated": "2025-04-26T15:02:15.241Z",
      "notes": ""
    },
    {
      "id": "EXA",
      "from": "Boletería",
      "to": "Acceso A",
      "fullPath": "Boletería→Acceso A",
      "segments": [
        "Boletería",
        "Acceso A"
      ],
      "status": "operativa",
      "lastUpdated": "2025-04-26T15:02:15.241Z",
      "notes": ""
    }
  ],
  "escalators": [
    {
      "id": "BLDSA",
      "from": "Boletería",
      "to": "Descanso Acceso A",
      "fullPath": "Boletería→Descanso Acceso A",
      "segments": [
        "Boletería",
        "Descanso Acceso A"
      ],
      "status": "operativa",
      "lastUpdated": "2025-04-26T15:02:15.241Z",
      "notes": ""
    }
  ],
  "lastUpdated": "2025-04-26T15:02:15.241Z",
  "changeHistory": [
    {
      "timestamp": "2025-04-26T15:02:19.920Z",
      "user": "metromanrrss",
      "action": "Configuración inicial",
      "details": "Creación de archivo de accesibilidad"
    }
  ]
}