{
  "station": "los libertadores",
  "line": "l3",
  "accesses": [
    {
      "id": "A",
      "name": "Acceso A",
      "description": "General San Martín",
      "status": "abierto",
      "lastUpdated": "2025-04-27T14:20:08.529Z",
      "notes": ""
    }
  ],
  "elevators": [
    {
      "id": "EXA",
      "from": "Exterior Acceso A",
      "to": "Servicios",
      "fullPath": "Exterior Acceso A→Servicios",
      "segments": [
        "Exterior Acceso A",
        "Servicios"
      ],
      "status": "operativa",
      "lastUpdated": "2025-04-27T14:20:08.529Z",
      "notes": ""
    },
    {
      "id": "SRIL",
      "from": "Servicios",
      "to": "Intermodal Los Libertadores",
      "fullPath": "Servicios→Intermodal Los Libertadores",
      "segments": [
        "Servicios",
        "Intermodal Los Libertadores"
      ],
      "status": "operativa",
      "lastUpdated": "2025-04-27T14:20:08.529Z",
      "notes": ""
    },
    {
      "id": "FCVSR",
      "from": "Andén Fernando Castillo Velasco",
      "to": "Servicios",
      "fullPath": "Andén Fernando Castillo Velasco→Servicios",
      "segments": [
        "Andén Fernando Castillo Velasco",
        "Servicios"
      ],
      "status": "operativa",
      "lastUpdated": "2025-04-27T14:20:08.529Z",
      "notes": ""
    },
    {
      "id": "PQUSR",
      "from": "Andén Plaza Quilicura",
      "to": "Servicios",
      "fullPath": "Andén Plaza Quilicura→Servicios",
      "segments": [
        "Andén Plaza Quilicura",
        "Servicios"
      ],
      "status": "operativa",
      "lastUpdated": "2025-04-27T14:20:08.529Z",
      "notes": ""
    }
  ],
  "escalators": [
    {
      "id": "SR01EXA",
      "from": "Servicios",
      "to": "Exterior Acceso A",
      "fullPath": "Servicios→Exterior Acceso A",
      "segments": [
        "Servicios",
        "Exterior Acceso A"
      ],
      "status": "operativa",
      "lastUpdated": "2025-04-27T14:20:08.529Z",
      "notes": ""
    },
    {
      "id": "SR03EXA",
      "from": "Servicios",
      "to": "Exterior Acceso A",
      "fullPath": "Servicios→Exterior Acceso A",
      "segments": [
        "Servicios",
        "Exterior Acceso A"
      ],
      "status": "operativa",
      "lastUpdated": "2025-04-27T14:20:08.529Z",
      "notes": ""
    },
    {
      "id": "CA05SR",
      "from": "Cambio de Andén",
      "to": "Servicios",
      "fullPath": "Cambio de Andén→Servicios",
      "segments": [
        "Cambio de Andén",
        "Servicios"
      ],
      "status": "operativa",
      "lastUpdated": "2025-04-27T14:20:08.529Z",
      "notes": ""
    },
    {
      "id": "SR06CA",
      "from": "Servicios",
      "to": "Cambio de Andén",
      "fullPath": "Servicios→Cambio de Andén",
      "segments": [
        "Servicios",
        "Cambio de Andén"
      ],
      "status": "operativa",
      "lastUpdated": "2025-04-27T14:20:08.529Z",
      "notes": ""
    },
    {
      "id": "CA07SR",
      "from": "Cambio de Andén",
      "to": "Servicios",
      "fullPath": "Cambio de Andén→Servicios",
      "segments": [
        "Cambio de Andén",
        "Servicios"
      ],
      "status": "operativa",
      "lastUpdated": "2025-04-27T14:20:08.529Z",
      "notes": ""
    },
    {
      "id": "SR08CA",
      "from": "Servicios",
      "to": "Cambio de Andén",
      "fullPath": "Servicios→Cambio de Andén",
      "segments": [
        "Servicios",
        "Cambio de Andén"
      ],
      "status": "operativa",
      "lastUpdated": "2025-04-27T14:20:08.529Z",
      "notes": ""
    },
    {
      "id": "CA10FCV",
      "from": "Cambio de Andén",
      "to": "Andén Fernando Castillo Velasco",
      "fullPath": "Cambio de Andén→Andén Fernando Castillo Velasco",
      "segments": [
        "Cambio de Andén",
        "Andén Fernando Castillo Velasco"
      ],
      "status": "operativa",
      "lastUpdated": "2025-04-27T14:20:08.529Z",
      "notes": ""
    },
    {
      "id": "FCV11CA",
      "from": "Andén Fernando Castillo Velasco",
      "to": "Cambio de Andén",
      "fullPath": "Andén Fernando Castillo Velasco→Cambio de Andén",
      "segments": [
        "Andén Fernando Castillo Velasco",
        "Cambio de Andén"
      ],
      "status": "operativa",
      "lastUpdated": "2025-04-27T14:20:08.529Z",
      "notes": ""
    },
    {
      "id": "CA12FCV",
      "from": "Cambio de Andén",
      "to": "Andén Fernando Castillo Velasco",
      "fullPath": "Cambio de Andén→Andén Fernando Castillo Velasco",
      "segments": [
        "Cambio de Andén",
        "Andén Fernando Castillo Velasco"
      ],
      "status": "operativa",
      "lastUpdated": "2025-04-27T14:20:08.529Z",
      "notes": ""
    },
    {
      "id": "PQU13CA",
      "from": "Andén Plaza Quilicura",
      "to": "Cambio de Andén",
      "fullPath": "Andén Plaza Quilicura→Cambio de Andén",
      "segments": [
        "Andén Plaza Quilicura",
        "Cambio de Andén"
      ],
      "status": "operativa",
      "lastUpdated": "2025-04-27T14:20:08.529Z",
      "notes": ""
    }
  ],
  "lastUpdated": "2025-04-27T14:20:08.529Z",
  "changeHistory": [
    {
      "timestamp": "2025-04-27T14:20:33.030Z",
      "user": "metromanrrss",
      "action": "Configuración inicial",
      "details": "Creación de archivo de accesibilidad"
    }
  ]
}