{
  "station": "Los Leones",
  "line": "l1",
  "accesses": [
    {
      "id": "A",
      "name": "Acceso A",
      "description": "Av. Nueva Providencia Norte",
      "status": "abierto",
      "lastUpdated": "2025-04-28T19:38:15.787Z",
      "notes": ""
    },
    {
      "id": "B",
      "name": "Acceso B",
      "description": "Av. Nueva Providencia Sur",
      "status": "abierto",
      "lastUpdated": "2025-04-28T19:38:15.787Z",
      "notes": ""
    },
    {
      "id": "C",
      "name": "Acceso C",
      "description": "Av. Nueva Providencia",
      "status": "abierto",
      "lastUpdated": "2025-04-28T19:38:15.788Z",
      "notes": ""
    },
    {
      "id": "D",
      "name": "Acceso D",
      "description": "Av. Suecia",
      "status": "abierto",
      "lastUpdated": "2025-04-28T19:38:15.788Z",
      "notes": ""
    },
    {
      "id": "E",
      "name": "Acceso E",
      "description": "General Adolfo Holley",
      "status": "abierto",
      "lastUpdated": "2025-04-28T19:38:15.788Z",
      "notes": ""
    }
  ],
  "elevators": [
    {
      "id": "SREXC",
      "from": "Servicios",
      "to": "Exterior Acceso C",
      "fullPath": "Servicios→Exterior Acceso C",
      "segments": [
        "Servicios",
        "Exterior Acceso C"
      ],
      "status": "operativa",
      "lastUpdated": "2025-04-26T12:32:04.283Z",
      "notes": ""
    },
    {
      "id": "CA1SP",
      "from": "Cambio de Andén",
      "to": "Andén San Pablo",
      "fullPath": "Cambio de Andén→Andén San Pablo",
      "segments": [
        "Cambio de Andén",
        "Andén San Pablo"
      ],
      "status": "operativa",
      "lastUpdated": "2025-04-26T12:32:04.283Z",
      "notes": ""
    },
    {
      "id": "CO6CA1LDSR1",
      "from": "Pasillo Combinación Línea 6",
      "to": "Servicios",
      "fullPath": "Pasillo Combinación Línea 6→Cambio de Andén Línea 1→Andén Los Dominicos→Servicios",
      "segments": [
        "Pasillo Combinación Línea 6",
        "Cambio de Andén Línea 1",
        "Andén Los Dominicos",
        "Servicios"
      ],
      "status": "operativa",
      "lastUpdated": "2025-04-26T12:32:04.283Z",
      "notes": ""
    }
  ],
  "escalators": [],
  "lastUpdated": "2025-04-28T19:38:15.788Z",
  "changeHistory": [
    {
      "timestamp": "2025-04-26T12:32:21.588Z",
      "user": "metromanrrss",
      "action": "Configuración inicial",
      "details": "Creación de archivo de accesibilidad"
    },
    {
      "timestamp": "2025-04-28T19:35:48.316Z",
      "user": "metromanrrss (Batch)",
      "action": "Edición avanzada",
      "details": "A: status cambiado de \"abierto\" a \"operativa\""
    },
    {
      "timestamp": "2025-04-28T19:35:48.316Z",
      "user": "metromanrrss (Batch)",
      "action": "Edición avanzada",
      "details": "B: status cambiado de \"abierto\" a \"operativa\""
    },
    {
      "timestamp": "2025-04-28T19:35:48.316Z",
      "user": "metromanrrss (Batch)",
      "action": "Edición avanzada",
      "details": "C: status cambiado de \"abierto\" a \"operativa\""
    },
    {
      "timestamp": "2025-04-28T19:35:48.316Z",
      "user": "metromanrrss (Batch)",
      "action": "Edición avanzada",
      "details": "D: status cambiado de \"abierto\" a \"operativa\""
    },
    {
      "timestamp": "2025-04-28T19:35:48.316Z",
      "user": "metromanrrss (Batch)",
      "action": "Edición avanzada",
      "details": "E: status cambiado de \"abierto\" a \"operativa\""
    },
    {
      "timestamp": "2025-04-28T19:38:15.787Z",
      "user": "metromanrrss (Batch)",
      "action": "Edición avanzada",
      "details": "A: status cambiado de \"operativa\" a \"abierto\""
    },
    {
      "timestamp": "2025-04-28T19:38:15.787Z",
      "user": "metromanrrss (Batch)",
      "action": "Edición avanzada",
      "details": "B: status cambiado de \"operativa\" a \"abierto\""
    },
    {
      "timestamp": "2025-04-28T19:38:15.788Z",
      "user": "metromanrrss (Batch)",
      "action": "Edición avanzada",
      "details": "C: status cambiado de \"operativa\" a \"abierto\""
    },
    {
      "timestamp": "2025-04-28T19:38:15.788Z",
      "user": "metromanrrss (Batch)",
      "action": "Edición avanzada",
      "details": "D: status cambiado de \"operativa\" a \"abierto\""
    },
    {
      "timestamp": "2025-04-28T19:38:15.788Z",
      "user": "metromanrrss (Batch)",
      "action": "Edición avanzada",
      "details": "E: status cambiado de \"operativa\" a \"abierto\""
    }
  ]
}