{
  "station": "san miguel",
  "line": "l2",
  "accesses": [
    {
      "id": "A",
      "name": "Acceso A",
      "description": "Llano Subercaseaux Norte",
      "status": "abierto",
      "lastUpdated": "2025-04-26T17:33:38.720Z",
      "notes": ""
    },
    {
      "id": "B",
      "name": "Acceso B",
      "description": "Gran Avenida José Miguel Carrera Norte",
      "status": "abierto",
      "lastUpdated": "2025-04-26T17:33:38.720Z",
      "notes": ""
    },
    {
      "id": "C",
      "name": "Acceso C",
      "description": "Gran Avenida José Miguel Carrera Sur",
      "status": "abierto",
      "lastUpdated": "2025-04-26T17:33:38.720Z",
      "notes": ""
    },
    {
      "id": "D",
      "name": "Acceso D",
      "description": "Llano Subercaseaux Sur",
      "status": "abierto",
      "lastUpdated": "2025-04-26T17:33:38.720Z",
      "notes": ""
    }
  ],
  "elevators": [
    {
      "id": "PI",
      "from": "Andén Hospital El Pino",
      "to": "Boletería",
      "fullPath": "Andén Hospital El Pino→Boletería",
      "segments": [
        "Andén Hospital El Pino",
        "Boletería"
      ],
      "status": "operativa",
      "lastUpdated": "2025-04-26T17:33:38.720Z",
      "notes": ""
    },
    {
      "id": "AV",
      "from": "Andén Vespucio Norte",
      "to": "Boletería",
      "fullPath": "Andén Vespucio Norte→Boletería",
      "segments": [
        "Andén Vespucio Norte",
        "Boletería"
      ],
      "status": "operativa",
      "lastUpdated": "2025-04-26T17:33:38.720Z",
      "notes": ""
    },
    {
      "id": "EXAD",
      "from": "Boletería",
      "to": "Llano Subercaseaux Vereda Oriente",
      "fullPath": "Boletería→Llano Subercaseaux Vereda Oriente",
      "segments": [
        "Boletería",
        "Llano Subercaseaux Vereda Oriente"
      ],
      "status": "operativa",
      "lastUpdated": "2025-04-26T17:33:38.720Z",
      "notes": ""
    }
  ],
  "escalators": [],
  "lastUpdated": "2025-04-26T17:33:38.720Z",
  "changeHistory": [
    {
      "timestamp": "2025-04-26T17:34:00.623Z",
      "user": "metromanrrss",
      "action": "Configuración inicial",
      "details": "Creación de archivo de accesibilidad"
    }
  ]
}