{
  "station": "Manuel Montt",
  "line": "l1",
  "accesses": [
    {
      "id": "A",
      "name": "Acceso A",
      "description": "Av. Providencia Norte / Av. Manuel Montt",
      "status": "abierto",
      "lastUpdated": "2025-04-28T19:38:15.790Z",
      "notes": ""
    },
    {
      "id": "B",
      "name": "Acceso B",
      "description": "Av. Providencia Norte / Almirante Pastene",
      "status": "abierto",
      "lastUpdated": "2025-04-28T19:38:15.790Z",
      "notes": ""
    },
    {
      "id": "C",
      "name": "Acceso C",
      "description": "Av. Providencia",
      "status": "abierto",
      "lastUpdated": "2025-04-28T19:38:15.790Z",
      "notes": ""
    },
    {
      "id": "D",
      "name": "Acceso D",
      "description": "Av. Providencia Sur",
      "status": "abierto",
      "lastUpdated": "2025-04-28T19:38:15.790Z",
      "notes": ""
    }
  ],
  "elevators": [
    {
      "id": "LD",
      "from": "Andén Los Dominicos",
      "to": "Boletería",
      "fullPath": "Andén Los Dominicos→Boletería",
      "segments": [
        "Andén Los Dominicos",
        "Boletería"
      ],
      "status": "operativa",
      "lastUpdated": "2025-04-26T11:42:56.639Z",
      "notes": ""
    },
    {
      "id": "SP",
      "from": "Andén San Pablo",
      "to": "Boletería",
      "fullPath": "Andén San Pablo→Boletería",
      "segments": [
        "Andén San Pablo",
        "Boletería"
      ],
      "status": "operativa",
      "lastUpdated": "2025-04-26T11:42:56.639Z",
      "notes": ""
    },
    {
      "id": "EXC",
      "from": "Pasillo Accesos C y D",
      "to": "Exterior Acceso C",
      "fullPath": "Pasillo Accesos C y D→Exterior Acceso C",
      "segments": [
        "Pasillo Accesos C y D",
        "Exterior Acceso C"
      ],
      "status": "operativa",
      "lastUpdated": "2025-04-26T11:42:56.639Z",
      "notes": ""
    }
  ],
  "escalators": [],
  "lastUpdated": "2025-04-28T19:38:15.790Z",
  "changeHistory": [
    {
      "timestamp": "2025-04-26T11:43:04.007Z",
      "user": "metromanrrss",
      "action": "Configuración inicial",
      "details": "Creación de archivo de accesibilidad"
    },
    {
      "timestamp": "2025-04-28T19:35:48.318Z",
      "user": "metromanrrss (Batch)",
      "action": "Edición avanzada",
      "details": "A: status cambiado de \"abierto\" a \"operativa\""
    },
    {
      "timestamp": "2025-04-28T19:35:48.318Z",
      "user": "metromanrrss (Batch)",
      "action": "Edición avanzada",
      "details": "B: status cambiado de \"abierto\" a \"operativa\""
    },
    {
      "timestamp": "2025-04-28T19:35:48.318Z",
      "user": "metromanrrss (Batch)",
      "action": "Edición avanzada",
      "details": "C: status cambiado de \"abierto\" a \"operativa\""
    },
    {
      "timestamp": "2025-04-28T19:35:48.318Z",
      "user": "metromanrrss (Batch)",
      "action": "Edición avanzada",
      "details": "D: status cambiado de \"abierto\" a \"operativa\""
    },
    {
      "timestamp": "2025-04-28T19:38:15.790Z",
      "user": "metromanrrss (Batch)",
      "action": "Edición avanzada",
      "details": "A: status cambiado de \"operativa\" a \"abierto\""
    },
    {
      "timestamp": "2025-04-28T19:38:15.790Z",
      "user": "metromanrrss (Batch)",
      "action": "Edición avanzada",
      "details": "B: status cambiado de \"operativa\" a \"abierto\""
    },
    {
      "timestamp": "2025-04-28T19:38:15.790Z",
      "user": "metromanrrss (Batch)",
      "action": "Edición avanzada",
      "details": "C: status cambiado de \"operativa\" a \"abierto\""
    },
    {
      "timestamp": "2025-04-28T19:38:15.790Z",
      "user": "metromanrrss (Batch)",
      "action": "Edición avanzada",
      "details": "D: status cambiado de \"operativa\" a \"abierto\""
    }
  ]
}