{
  "station": "el parrón",
  "line": "l2",
  "accesses": [
    {
      "id": "A",
      "name": "Acceso A",
      "description": "Gran Avenida José Miguel Carrera Poniente",
      "status": "abierto",
      "lastUpdated": "2025-04-26T17:51:53.811Z",
      "notes": ""
    },
    {
      "id": "B",
      "name": "Acceso B",
      "description": "Gran Avenida José Miguel Carrera Oriente",
      "status": "abierto",
      "lastUpdated": "2025-04-26T17:51:53.811Z",
      "notes": ""
    }
  ],
  "elevators": [
    {
      "id": "EXB",
      "from": "Boletería",
      "to": "Exterior Acceso B",
      "fullPath": "Boletería→Exterior Acceso B",
      "segments": [
        "Boletería",
        "Exterior Acceso B"
      ],
      "status": "operativa",
      "lastUpdated": "2025-04-26T17:51:53.811Z",
      "notes": ""
    },
    {
      "id": "PI",
      "from": "Andén Hospital El Pino",
      "to": "Boletería",
      "fullPath": "Andén Hospital El Pino→Boletería",
      "segments": [
        "Andén Hospital El Pino",
        "Boletería"
      ],
      "status": "operativa",
      "lastUpdated": "2025-04-26T17:51:53.811Z",
      "notes": ""
    },
    {
      "id": "AV",
      "from": "Andén Vespucio Norte",
      "to": "Boletería",
      "fullPath": "Andén Vespucio Norte→Boletería",
      "segments": [
        "Andén Vespucio Norte",
        "Boletería"
      ],
      "status": "operativa",
      "lastUpdated": "2025-04-26T17:51:53.811Z",
      "notes": ""
    }
  ],
  "escalators": [
    {
      "id": "BLDSB01",
      "from": "Boletería",
      "to": "Descanso Acceso B",
      "fullPath": "Boletería→Descanso Acceso B",
      "segments": [
        "Boletería",
        "Descanso Acceso B"
      ],
      "status": "operativa",
      "lastUpdated": "2025-04-26T17:51:53.811Z",
      "notes": ""
    },
    {
      "id": "DSBEXA",
      "from": "Descanso",
      "to": "Exterior Acceso A",
      "fullPath": "Descanso→Exterior Acceso A",
      "segments": [
        "Descanso",
        "Exterior Acceso A"
      ],
      "status": "operativa",
      "lastUpdated": "2025-04-26T17:51:53.811Z",
      "notes": ""
    },
    {
      "id": "BLDSB02",
      "from": "Boletería",
      "to": "Descanso Acceso B",
      "fullPath": "Boletería→Descanso Acceso B",
      "segments": [
        "Boletería",
        "Descanso Acceso B"
      ],
      "status": "operativa",
      "lastUpdated": "2025-04-26T17:51:53.811Z",
      "notes": ""
    }
  ],
  "lastUpdated": "2025-04-26T17:51:53.811Z",
  "changeHistory": [
    {
      "timestamp": "2025-04-26T17:52:10.605Z",
      "user": "metromanrrss",
      "action": "Configuración inicial",
      "details": "Creación de archivo de accesibilidad"
    }
  ]
}