{
  "station": "Santa Lucía",
  "line": "l1",
  "accesses": [
    {
      "id": "A",
      "name": "Acceso A",
      "description": "Miraflores",
      "status": "abierto",
      "lastUpdated": "2025-04-28T19:38:15.800Z"
    },
    {
      "id": "B",
      "name": "Acceso B",
      "description": "San Isidro",
      "status": "abierto",
      "lastUpdated": "2025-04-28T19:38:15.800Z"
    }
  ],
  "elevators": [
    {
      "id": "LD",
      "from": "Andén Los Dominicos",
      "to": "Boletería",
      "status": "operativa",
      "lastUpdated": "2025-04-26T09:48:21.615Z",
      "notes": ""
    },
    {
      "id": "SP",
      "from": "Andén San Pablo",
      "to": "Boletería",
      "status": "operativa",
      "lastUpdated": "2025-04-26T09:48:21.615Z",
      "notes": ""
    },
    {
      "id": "EXA",
      "from": "Boletería",
      "to": "Exterior Acceso A",
      "status": "operativa",
      "lastUpdated": "2025-04-26T09:48:21.615Z",
      "notes": ""
    }
  ],
  "escalators": [],
  "lastUpdated": "2025-04-28T19:38:15.800Z",
  "changeHistory": [
    {
      "timestamp": "2025-04-26T09:48:40.877Z",
      "user": "metromanrrss",
      "action": "Configuración inicial",
      "details": "Creación de archivo de accesibilidad"
    },
    {
      "timestamp": "2025-04-28T19:35:48.333Z",
      "user": "metromanrrss (Batch)",
      "action": "Edición avanzada",
      "details": "A: status cambiado de \"undefined\" a \"operativa\""
    },
    {
      "timestamp": "2025-04-28T19:35:48.333Z",
      "user": "metromanrrss (Batch)",
      "action": "Edición avanzada",
      "details": "B: status cambiado de \"undefined\" a \"operativa\""
    },
    {
      "timestamp": "2025-04-28T19:38:15.800Z",
      "user": "metromanrrss (Batch)",
      "action": "Edición avanzada",
      "details": "A: status cambiado de \"operativa\" a \"abierto\""
    },
    {
      "timestamp": "2025-04-28T19:38:15.800Z",
      "user": "metromanrrss (Batch)",
      "action": "Edición avanzada",
      "details": "B: status cambiado de \"operativa\" a \"abierto\""
    }
  ]
}