{
  "station": "Irarrazaval",
  "line": "l3",
  "accesses": [
    {
      "id": "A",
      "name": "Acceso A",
      "description": "Av. Irarrázaval Oeste",
      "status": "abierto",
      "lastUpdated": "2025-04-28T12:46:10.538Z",
      "notes": ""
    },
    {
      "id": "B",
      "name": "Acceso B",
      "description": "Av. Irarrázaval Este",
      "status": "abierto",
      "lastUpdated": "2025-04-28T12:46:10.538Z",
      "notes": ""
    },
    {
      "id": "C",
      "name": "Acceso C",
      "description": "Pedro de Oña",
      "status": "abierto",
      "lastUpdated": "2025-04-28T12:46:10.538Z",
      "notes": ""
    },
    {
      "id": "D",
      "name": "Acceso D",
      "description": "Matta Oriente",
      "status": "abierto",
      "lastUpdated": "2025-04-28T12:46:10.538Z",
      "notes": ""
    }
  ],
  "elevators": [
    {
      "id": "FCVCA3",
      "from": "Andén Fernando Castillo Velasco",
      "to": "Cambio de Andén Línea 3",
      "fullPath": "Andén Fernando Castillo Velasco→Cambio de Andén Línea 3",
      "segments": [
        "Andén Fernando Castillo Velasco",
        "Cambio de Andén Línea 3"
      ],
      "status": "operativa",
      "lastUpdated": "2025-04-28T12:46:10.538Z",
      "notes": ""
    },
    {
      "id": "PQUCA3",
      "from": "Andén Plaza Quilicura",
      "to": "Cambio de Andén Línea 3",
      "fullPath": "Andén Plaza Quilicura→Cambio de Andén Línea 3",
      "segments": [
        "Andén Plaza Quilicura",
        "Cambio de Andén Línea 3"
      ],
      "status": "operativa",
      "lastUpdated": "2025-04-28T12:46:10.538Z",
      "notes": ""
    },
    {
      "id": "CA3SR3",
      "from": "Cambio de Andén Línea 3",
      "to": "Servicios Línea 3",
      "fullPath": "Cambio de Andén Línea 3→Servicios Línea 3",
      "segments": [
        "Cambio de Andén Línea 3",
        "Servicios Línea 3"
      ],
      "status": "operativa",
      "lastUpdated": "2025-04-28T12:46:10.538Z",
      "notes": ""
    },
    {
      "id": "VVCA5",
      "from": "Andén Vicente Valdés",
      "to": "Cambio de Andén Línea 5",
      "fullPath": "Andén Vicente Valdés→Cambio de Andén Línea 5",
      "segments": [
        "Andén Vicente Valdés",
        "Cambio de Andén Línea 5"
      ],
      "status": "operativa",
      "lastUpdated": "2025-04-28T12:46:10.538Z",
      "notes": ""
    },
    {
      "id": "PMCA5",
      "from": "Andén Plaza de Maipú",
      "to": "Cambio de Andén Línea 5",
      "fullPath": "Andén Plaza de Maipú→Cambio de Andén Línea 5",
      "segments": [
        "Andén Plaza de Maipú",
        "Cambio de Andén Línea 5"
      ],
      "status": "operativa",
      "lastUpdated": "2025-04-28T12:46:10.538Z",
      "notes": ""
    },
    {
      "id": "SR3EXD",
      "from": "Servicios Línea 3",
      "to": "Exterior Acceso D",
      "fullPath": "Servicios Línea 3→Exterior Acceso D",
      "segments": [
        "Servicios Línea 3",
        "Exterior Acceso D"
      ],
      "status": "operativa",
      "lastUpdated": "2025-04-28T12:46:10.538Z",
      "notes": ""
    }
  ],
  "escalators": [
    {
      "id": "SR301EXD",
      "from": "Servicios Línea 3",
      "to": "Acceso D Matta Oriente",
      "fullPath": "Servicios Línea 3→Acceso D Matta Oriente",
      "segments": [
        "Servicios Línea 3",
        "Acceso D Matta Oriente"
      ],
      "status": "operativa",
      "lastUpdated": "2025-04-28T12:46:10.538Z",
      "notes": ""
    },
    {
      "id": "3CO503SR3",
      "from": "Nivel Intermedio",
      "to": "Combinación a Línea 5",
      "fullPath": "Nivel Intermedio→Servicios Línea 3→Combinación a Línea 5",
      "segments": [
        "Nivel Intermedio",
        "Servicios Línea 3",
        "Combinación a Línea 5"
      ],
      "status": "operativa",
      "lastUpdated": "2025-04-28T12:46:10.538Z",
      "notes": ""
    },
    {
      "id": "3CO504SR3",
      "from": "Nivel Intermedio",
      "to": "Combinación a Línea 5",
      "fullPath": "Nivel Intermedio→Servicios Línea 3→Combinación a Línea 5",
      "segments": [
        "Nivel Intermedio",
        "Servicios Línea 3",
        "Combinación a Línea 5"
      ],
      "status": "operativa",
      "lastUpdated": "2025-04-28T12:46:10.538Z",
      "notes": ""
    },
    {
      "id": "SR305CO5",
      "from": "Servicios Línea 3",
      "to": "Nivel Intermedio",
      "fullPath": "Servicios Línea 3→Nivel Intermedio",
      "segments": [
        "Servicios Línea 3",
        "Nivel Intermedio"
      ],
      "status": "operativa",
      "lastUpdated": "2025-04-28T12:46:10.538Z",
      "notes": ""
    },
    {
      "id": "CA306SR3",
      "from": "Cambio de Andén Línea 3",
      "to": "Servicios Línea 3",
      "fullPath": "Cambio de Andén Línea 3→Servicios Línea 3",
      "segments": [
        "Cambio de Andén Línea 3",
        "Servicios Línea 3"
      ],
      "status": "operativa",
      "lastUpdated": "2025-04-28T12:46:10.538Z",
      "notes": ""
    }
  ],
  "lastUpdated": "2025-04-28T12:46:10.538Z",
  "changeHistory": [
    {
      "timestamp": "2025-04-28T12:46:28.532Z",
      "user": "metromanrrss",
      "action": "Configuración inicial",
      "details": "Creación de archivo de accesibilidad"
    }
  ]
}