{
  "station": "Estación Central",
  "line": "l1",
  "accesses": [
    {
      "id": "A",
      "name": "Acceso A",
      "description": "Av. Matucana",
      "status": "abierto",
      "lastUpdated": "2025-04-28T19:38:15.780Z"
    },
    {
      "id": "B",
      "name": "Acceso B",
      "description": "Barrio Meiggs",
      "status": "abierto",
      "lastUpdated": "2025-04-28T19:38:15.780Z"
    },
    {
      "id": "C",
      "name": "Acceso C",
      "description": "San Francisco de Borja",
      "status": "abierto",
      "lastUpdated": "2025-04-28T19:38:15.780Z"
    }
  ],
  "elevators": [
    {
      "id": "LD",
      "from": "Andén Los Dominicos",
      "to": "Boletería",
      "status": "operativa",
      "lastUpdated": "2025-04-26T09:12:04.437Z",
      "notes": ""
    },
    {
      "id": "SP",
      "from": "Andén San Pablo",
      "to": "Boletería",
      "status": "operativa",
      "lastUpdated": "2025-04-26T09:12:04.437Z",
      "notes": ""
    },
    {
      "id": "BCEFE",
      "from": "Pasillo Accesos B y C",
      "to": "Estación Alameda EFE",
      "status": "operativa",
      "lastUpdated": "2025-04-26T09:12:04.437Z",
      "notes": ""
    }
  ],
  "escalators": [
    {
      "id": "LD",
      "from": "Andén Los Dominicos",
      "to": "Boletería",
      "status": "operativa",
      "lastUpdated": "2025-04-26T09:12:04.438Z",
      "notes": ""
    },
    {
      "id": "SP",
      "from": "Andén San Pablo",
      "to": "Boletería",
      "status": "operativa",
      "lastUpdated": "2025-04-26T09:12:04.438Z",
      "notes": ""
    }
  ],
  "lastUpdated": "2025-04-28T19:38:15.780Z",
  "changeHistory": [
    {
      "timestamp": "2025-04-26T09:12:39.690Z",
      "user": "metromanrrss",
      "action": "Configuración inicial",
      "details": "Creación de archivo de accesibilidad"
    },
    {
      "timestamp": "2025-04-28T19:35:48.305Z",
      "user": "metromanrrss (Batch)",
      "action": "Edición avanzada",
      "details": "A: status cambiado de \"undefined\" a \"operativa\""
    },
    {
      "timestamp": "2025-04-28T19:35:48.305Z",
      "user": "metromanrrss (Batch)",
      "action": "Edición avanzada",
      "details": "B: status cambiado de \"undefined\" a \"operativa\""
    },
    {
      "timestamp": "2025-04-28T19:35:48.306Z",
      "user": "metromanrrss (Batch)",
      "action": "Edición avanzada",
      "details": "C: status cambiado de \"undefined\" a \"operativa\""
    },
    {
      "timestamp": "2025-04-28T19:38:15.780Z",
      "user": "metromanrrss (Batch)",
      "action": "Edición avanzada",
      "details": "A: status cambiado de \"operativa\" a \"abierto\""
    },
    {
      "timestamp": "2025-04-28T19:38:15.780Z",
      "user": "metromanrrss (Batch)",
      "action": "Edición avanzada",
      "details": "B: status cambiado de \"operativa\" a \"abierto\""
    },
    {
      "timestamp": "2025-04-28T19:38:15.780Z",
      "user": "metromanrrss (Batch)",
      "action": "Edición avanzada",
      "details": "C: status cambiado de \"operativa\" a \"abierto\""
    }
  ]
}