{
  "station": "el bosque",
  "line": "l2",
  "accesses": [
    {
      "id": "A",
      "name": "Acceso A",
      "description": "Ernesto Riquelme",
      "status": "abierto",
      "lastUpdated": "2025-04-26T19:03:28.178Z",
      "notes": ""
    }
  ],
  "elevators": [
    {
      "id": "EXA",
      "from": "Boletería",
      "to": "Exterior Acceso A",
      "fullPath": "Boletería→Exterior Acceso A",
      "segments": [
        "Boletería",
        "Exterior Acceso A"
      ],
      "status": "operativa",
      "lastUpdated": "2025-04-26T19:03:28.178Z",
      "notes": ""
    },
    {
      "id": "PI",
      "from": "Andén Hospital El Pino",
      "to": "Servicios",
      "fullPath": "Andén Hospital El Pino→Servicios",
      "segments": [
        "Andén Hospital El Pino",
        "Servicios"
      ],
      "status": "operativa",
      "lastUpdated": "2025-04-26T19:03:28.178Z",
      "notes": ""
    },
    {
      "id": "AV",
      "from": "Andén Vespucio Norte",
      "to": "Servicios",
      "fullPath": "Andén Vespucio Norte→Servicios",
      "segments": [
        "Andén Vespucio Norte",
        "Servicios"
      ],
      "status": "operativa",
      "lastUpdated": "2025-04-26T19:03:28.178Z",
      "notes": ""
    }
  ],
  "escalators": [
    {
      "id": "EXASR",
      "from": "Exterior Acceso A",
      "to": "Servicios",
      "fullPath": "Exterior Acceso A→Servicios",
      "segments": [
        "Exterior Acceso A",
        "Servicios"
      ],
      "status": "operativa",
      "lastUpdated": "2025-04-26T19:03:28.178Z",
      "notes": ""
    },
    {
      "id": "SREXA",
      "from": "Servicios",
      "to": "Exterior Acceso A",
      "fullPath": "Servicios→Exterior Acceso A",
      "segments": [
        "Servicios",
        "Exterior Acceso A"
      ],
      "status": "operativa",
      "lastUpdated": "2025-04-26T19:03:28.178Z",
      "notes": ""
    }
  ],
  "lastUpdated": "2025-04-26T19:03:28.178Z",
  "changeHistory": [
    {
      "timestamp": "2025-04-26T19:03:33.016Z",
      "user": "metromanrrss",
      "action": "Configuración inicial",
      "details": "Creación de archivo de accesibilidad"
    }
  ]
}