{
  "station": "plaza Chacabuco",
  "line": "l3",
  "accesses": [
    {
      "id": "A",
      "name": "Acceso A",
      "description": "Santa Laura",
      "status": "abierto",
      "lastUpdated": "2025-04-27T15:07:38.750Z",
      "notes": ""
    }
  ],
  "elevators": [
    {
      "id": "EXA",
      "from": "Servicios",
      "to": "Exterior Acceso A",
      "fullPath": "Servicios→Exterior Acceso A",
      "segments": [
        "Servicios",
        "Exterior Acceso A"
      ],
      "status": "operativa",
      "lastUpdated": "2025-04-27T15:07:38.750Z",
      "notes": ""
    },
    {
      "id": "PQUCASR",
      "from": "Andén Plaza Quilicura",
      "to": "Servicios",
      "fullPath": "Andén Plaza Quilicura→Cambio de Andén→Servicios",
      "segments": [
        "Andén Plaza Quilicura",
        "Cambio de Andén",
        "Servicios"
      ],
      "status": "operativa",
      "lastUpdated": "2025-04-27T15:07:38.750Z",
      "notes": ""
    },
    {
      "id": "FCVCA",
      "from": "Andén Fernando Castillo Velasco",
      "to": "Cambio de Andén",
      "fullPath": "Andén Fernando Castillo Velasco→Cambio de Andén",
      "segments": [
        "Andén Fernando Castillo Velasco",
        "Cambio de Andén"
      ],
      "status": "operativa",
      "lastUpdated": "2025-04-27T15:07:38.750Z",
      "notes": ""
    }
  ],
  "escalators": [
    {
      "id": "SREXA",
      "from": "Servicios",
      "to": "Exterior Acceso A",
      "fullPath": "Servicios→Exterior Acceso A",
      "segments": [
        "Servicios",
        "Exterior Acceso A"
      ],
      "status": "operativa",
      "lastUpdated": "2025-04-27T15:07:38.750Z",
      "notes": ""
    },
    {
      "id": "SRIN",
      "from": "Servicios",
      "to": "Nivel Intermedio",
      "fullPath": "Servicios→Nivel Intermedio",
      "segments": [
        "Servicios",
        "Nivel Intermedio"
      ],
      "status": "operativa",
      "lastUpdated": "2025-04-27T15:07:38.750Z",
      "notes": ""
    },
    {
      "id": "CASR",
      "from": "Cambio de Andén",
      "to": "Servicios",
      "fullPath": "Cambio de Andén→Servicios",
      "segments": [
        "Cambio de Andén",
        "Servicios"
      ],
      "status": "operativa",
      "lastUpdated": "2025-04-27T15:07:38.750Z",
      "notes": ""
    }
  ],
  "lastUpdated": "2025-04-27T15:07:38.750Z",
  "changeHistory": [
    {
      "timestamp": "2025-04-27T15:07:51.166Z",
      "user": "metromanrrss",
      "action": "Configuración inicial",
      "details": "Creación de archivo de accesibilidad"
    }
  ]
}