{
  "station": "Salvador",
  "line": "l1",
  "accesses": [
    {
      "id": "A",
      "name": "Acceso A",
      "description": "Av. Andrés Bello / Parque Balmaceda",
      "status": "abierto",
      "lastUpdated": "2025-04-28T19:38:15.798Z",
      "notes": ""
    },
    {
      "id": "B",
      "name": "Acceso B",
      "description": "Puente del Arzobispo",
      "status": "abierto",
      "lastUpdated": "2025-04-28T19:38:15.798Z",
      "notes": ""
    },
    {
      "id": "C",
      "name": "Acceso C",
      "description": "Av. Providencia Norte / Parque Balmaceda",
      "status": "abierto",
      "lastUpdated": "2025-04-28T19:38:15.798Z",
      "notes": ""
    },
    {
      "id": "D",
      "name": "Acceso D",
      "description": "Av. Providencia Sur / Av. Eliodoro Yáñez",
      "status": "abierto",
      "lastUpdated": "2025-04-28T19:38:15.798Z",
      "notes": ""
    },
    {
      "id": "E",
      "name": "Acceso E (Av. Providencia Sur / Av. Salvador)",
      "description": "",
      "status": "abierto",
      "lastUpdated": "2025-04-28T19:38:15.798Z",
      "notes": ""
    }
  ],
  "elevators": [
    {
      "id": "LD",
      "from": "Andén Los Dominicos",
      "to": "Boletería",
      "fullPath": "Andén Los Dominicos→Boletería",
      "segments": [
        "Andén Los Dominicos",
        "Boletería"
      ],
      "status": "operativa",
      "lastUpdated": "2025-04-26T11:37:47.098Z",
      "notes": ""
    },
    {
      "id": "SP",
      "from": "Andén San Pablo",
      "to": "Boletería",
      "fullPath": "Andén San Pablo→Boletería",
      "segments": [
        "Andén San Pablo",
        "Boletería"
      ],
      "status": "operativa",
      "lastUpdated": "2025-04-26T11:37:47.098Z",
      "notes": ""
    },
    {
      "id": "EXB",
      "from": "Boletería",
      "to": "Exterior Acceso B / Parque Balmaceda",
      "fullPath": "Boletería→Exterior Acceso B / Parque Balmaceda",
      "segments": [
        "Boletería",
        "Exterior Acceso B / Parque Balmaceda"
      ],
      "status": "operativa",
      "lastUpdated": "2025-04-26T11:37:47.098Z",
      "notes": ""
    },
    {
      "id": "EXE",
      "from": "Pasillo Accesos D y E",
      "to": "Exterior Acceso E",
      "fullPath": "Pasillo Accesos D y E→Exterior Acceso E",
      "segments": [
        "Pasillo Accesos D y E",
        "Exterior Acceso E"
      ],
      "status": "operativa",
      "lastUpdated": "2025-04-26T11:37:47.098Z",
      "notes": ""
    }
  ],
  "escalators": [],
  "lastUpdated": "2025-04-28T19:38:15.798Z",
  "changeHistory": [
    {
      "timestamp": "2025-04-26T11:38:14.303Z",
      "user": "metromanrrss",
      "action": "Configuración inicial",
      "details": "Creación de archivo de accesibilidad"
    },
    {
      "timestamp": "2025-04-28T19:35:48.329Z",
      "user": "metromanrrss (Batch)",
      "action": "Edición avanzada",
      "details": "A: status cambiado de \"abierto\" a \"operativa\""
    },
    {
      "timestamp": "2025-04-28T19:35:48.329Z",
      "user": "metromanrrss (Batch)",
      "action": "Edición avanzada",
      "details": "B: status cambiado de \"abierto\" a \"operativa\""
    },
    {
      "timestamp": "2025-04-28T19:35:48.329Z",
      "user": "metromanrrss (Batch)",
      "action": "Edición avanzada",
      "details": "C: status cambiado de \"abierto\" a \"operativa\""
    },
    {
      "timestamp": "2025-04-28T19:35:48.329Z",
      "user": "metromanrrss (Batch)",
      "action": "Edición avanzada",
      "details": "D: status cambiado de \"abierto\" a \"operativa\""
    },
    {
      "timestamp": "2025-04-28T19:35:48.329Z",
      "user": "metromanrrss (Batch)",
      "action": "Edición avanzada",
      "details": "E: status cambiado de \"abierto\" a \"operativa\""
    },
    {
      "timestamp": "2025-04-28T19:38:15.798Z",
      "user": "metromanrrss (Batch)",
      "action": "Edición avanzada",
      "details": "A: status cambiado de \"operativa\" a \"abierto\""
    },
    {
      "timestamp": "2025-04-28T19:38:15.798Z",
      "user": "metromanrrss (Batch)",
      "action": "Edición avanzada",
      "details": "B: status cambiado de \"operativa\" a \"abierto\""
    },
    {
      "timestamp": "2025-04-28T19:38:15.798Z",
      "user": "metromanrrss (Batch)",
      "action": "Edición avanzada",
      "details": "C: status cambiado de \"operativa\" a \"abierto\""
    },
    {
      "timestamp": "2025-04-28T19:38:15.798Z",
      "user": "metromanrrss (Batch)",
      "action": "Edición avanzada",
      "details": "D: status cambiado de \"operativa\" a \"abierto\""
    },
    {
      "timestamp": "2025-04-28T19:38:15.798Z",
      "user": "metromanrrss (Batch)",
      "action": "Edición avanzada",
      "details": "E: status cambiado de \"operativa\" a \"abierto\""
    }
  ]
}