{
  "station": "Los Dominicos",
  "line": "l1",
  "accesses": [
    {
      "status": "abierto",
      "lastUpdated": "2025-04-28T19:38:15.786Z",
      "notes": "",
      "id": "A",
      "name": "Acceso A",
      "description": "Av. Camino El Alba"
    },
    {
      "status": "abierto",
      "lastUpdated": "2025-04-28T19:38:15.786Z",
      "notes": "",
      "id": "B",
      "name": "Acceso B",
      "description": "Av. Patagonia Oriente"
    },
    {
      "status": "abierto",
      "lastUpdated": "2025-04-28T19:38:15.786Z",
      "notes": "",
      "id": "C",
      "name": "Acceso C",
      "description": "Av. Patagonia Poniente / Av. Apoquindo"
    }
  ],
  "elevators": [
    {
      "id": "LD",
      "from": "Andén Los Dominicos",
      "to": "Boletería",
      "fullPath": "Andén Los Dominicos→Boletería",
      "segments": [
        "Andén Los Dominicos",
        "Boletería"
      ],
      "status": "operativa",
      "lastUpdated": "2025-04-26T14:02:04.341Z",
      "notes": ""
    },
    {
      "id": "SP",
      "from": "Andén San Pablo",
      "to": "Boletería",
      "fullPath": "Andén San Pablo→Boletería",
      "segments": [
        "Andén San Pablo",
        "Boletería"
      ],
      "status": "operativa",
      "lastUpdated": "2025-04-26T14:02:04.341Z",
      "notes": ""
    },
    {
      "id": "EXA",
      "from": "Boletería",
      "to": "Exterior Acceso A",
      "fullPath": "Boletería→Exterior Acceso A",
      "segments": [
        "Boletería",
        "Exterior Acceso A"
      ],
      "status": "operativa",
      "lastUpdated": "2025-04-26T14:02:04.341Z",
      "notes": ""
    }
  ],
  "escalators": [
    {
      "id": "BLCA",
      "from": "Boletería",
      "to": "Cambio de andén",
      "fullPath": "Boletería→Cambio de andén",
      "segments": [
        "Boletería",
        "Cambio de andén"
      ],
      "status": "operativa",
      "lastUpdated": "2025-04-26T14:02:04.341Z",
      "notes": ""
    },
    {
      "id": "CA02EXC",
      "from": "Cambio de andén",
      "to": "Acceso C",
      "fullPath": "Cambio de andén→Acceso C",
      "segments": [
        "Cambio de andén",
        "Acceso C"
      ],
      "status": "operativa",
      "lastUpdated": "2025-04-26T14:02:04.341Z",
      "notes": ""
    },
    {
      "id": "EXACA",
      "from": "Exterior Acceso A",
      "to": "Cambio de andén",
      "fullPath": "Exterior Acceso A→Cambio de andén",
      "segments": [
        "Exterior Acceso A",
        "Cambio de andén"
      ],
      "status": "operativa",
      "lastUpdated": "2025-04-26T14:02:04.341Z",
      "notes": ""
    },
    {
      "id": "CABL",
      "from": "Cambio de andén",
      "to": "Boletería",
      "fullPath": "Cambio de andén→Boletería",
      "segments": [
        "Cambio de andén",
        "Boletería"
      ],
      "status": "fuera de servicio",
      "lastUpdated": "2025-04-26T14:03:05.812Z",
      "notes": ""
    },
    {
      "id": "CA05EXC",
      "from": "Cambio de andén",
      "to": "Acceso C",
      "fullPath": "Cambio de andén→Acceso C",
      "segments": [
        "Cambio de andén",
        "Acceso C"
      ],
      "status": "operativa",
      "lastUpdated": "2025-04-26T14:02:04.341Z",
      "notes": ""
    }
  ],
  "lastUpdated": "2025-04-28T19:38:15.786Z",
  "changeHistory": [
    {
      "timestamp": "2025-04-26T14:02:29.777Z",
      "user": "metromanrrss",
      "action": "Configuración inicial",
      "details": "Creación de archivo de accesibilidad"
    },
    {
      "timestamp": "2025-04-26T14:03:05.812Z",
      "user": "metromanrrss",
      "action": "Editado CABL",
      "details": "status cambiado de \"operativa\" a \"fuera de servicio\""
    },
    {
      "timestamp": "2025-04-28T19:35:48.313Z",
      "user": "metromanrrss (Batch)",
      "action": "Edición avanzada",
      "details": "A: status cambiado de \"abierto\" a \"operativa\""
    },
    {
      "timestamp": "2025-04-28T19:35:48.313Z",
      "user": "metromanrrss (Batch)",
      "action": "Edición avanzada",
      "details": "B: status cambiado de \"abierto\" a \"operativa\""
    },
    {
      "timestamp": "2025-04-28T19:35:48.313Z",
      "user": "metromanrrss (Batch)",
      "action": "Edición avanzada",
      "details": "C: status cambiado de \"abierto\" a \"operativa\""
    },
    {
      "timestamp": "2025-04-28T19:38:15.786Z",
      "user": "metromanrrss (Batch)",
      "action": "Edición avanzada",
      "details": "A: status cambiado de \"operativa\" a \"abierto\""
    },
    {
      "timestamp": "2025-04-28T19:38:15.786Z",
      "user": "metromanrrss (Batch)",
      "action": "Edición avanzada",
      "details": "B: status cambiado de \"operativa\" a \"abierto\""
    },
    {
      "timestamp": "2025-04-28T19:38:15.786Z",
      "user": "metromanrrss (Batch)",
      "action": "Edición avanzada",
      "details": "C: status cambiado de \"operativa\" a \"abierto\""
    }
  ]
}