{
  "station": "Cementerios",
  "line": "l2",
  "accesses": [
    {
      "id": "A",
      "name": "Acceso A",
      "description": "Av. Recoleta",
      "status": "abierto",
      "lastUpdated": "2025-04-26T15:07:11.381Z",
      "notes": ""
    }
  ],
  "elevators": [
    {
      "id": "PI",
      "from": "Andén Hospital El Pino",
      "to": "Boletería",
      "fullPath": "Andén Hospital El Pino→Boletería",
      "segments": [
        "Andén Hospital El Pino",
        "Boletería"
      ],
      "status": "operativa",
      "lastUpdated": "2025-04-26T15:07:11.381Z",
      "notes": ""
    },
    {
      "id": "AV",
      "from": "Andén Vespucio Norte",
      "to": "Boletería",
      "fullPath": "Andén Vespucio Norte→Boletería",
      "segments": [
        "Andén Vespucio Norte",
        "Boletería"
      ],
      "status": "operativa",
      "lastUpdated": "2025-04-26T15:07:11.381Z",
      "notes": ""
    },
    {
      "id": "EXA",
      "from": "Boletería",
      "to": "Exterior Acceso A (Av. Recoleta vereda poniente)",
      "fullPath": "Boletería→Exterior Acceso A (Av. Recoleta vereda poniente)",
      "segments": [
        "Boletería",
        "Exterior Acceso A (Av. Recoleta vereda poniente)"
      ],
      "status": "operativa",
      "lastUpdated": "2025-04-26T15:07:11.381Z",
      "notes": ""
    }
  ],
  "escalators": [
    {
      "id": "BL01EXA",
      "from": "Boletería",
      "to": "Exterior Acceso A",
      "fullPath": "Boletería→Exterior Acceso A",
      "segments": [
        "Boletería",
        "Exterior Acceso A"
      ],
      "status": "operativa",
      "lastUpdated": "2025-04-26T15:07:11.381Z",
      "notes": ""
    },
    {
      "id": "BL02EXA",
      "from": "Boletería",
      "to": "Exterior Acceso A",
      "fullPath": "Boletería→Exterior Acceso A",
      "segments": [
        "Boletería",
        "Exterior Acceso A"
      ],
      "status": "operativa",
      "lastUpdated": "2025-04-26T15:07:11.381Z",
      "notes": ""
    }
  ],
  "lastUpdated": "2025-04-26T15:07:11.381Z",
  "changeHistory": [
    {
      "timestamp": "2025-04-26T15:07:14.387Z",
      "user": "metromanrrss",
      "action": "Configuración inicial",
      "details": "Creación de archivo de accesibilidad"
    }
  ]
}