{
  "station": "conchali",
  "line": "l3",
  "accesses": [
    {
      "status": "abierto",
      "lastUpdated": "2025-04-27T14:54:46.597Z",
      "notes": "",
      "id": "A",
      "name": "Acceso A",
      "description": "Av. Independencia"
    }
  ],
  "elevators": [
    {
      "id": "EXA",
      "from": "Servicios",
      "to": "Exterior Acceso A",
      "fullPath": "Servicios→Exterior Acceso A",
      "segments": [
        "Servicios",
        "Exterior Acceso A"
      ],
      "status": "fuera de servicio",
      "lastUpdated": "2025-04-27T15:01:59.561Z",
      "notes": ""
    },
    {
      "id": "PQUCASR",
      "from": "Andén Plaza Quilicura",
      "to": "Servicios",
      "fullPath": "Andén Plaza Quilicura→Cambio de Andén→Servicios",
      "segments": [
        "Andén Plaza Quilicura",
        "Cambio de Andén",
        "Servicios"
      ],
      "status": "operativa",
      "lastUpdated": "2025-04-27T14:54:46.597Z",
      "notes": ""
    },
    {
      "id": "FCVCA",
      "from": "Andén Fernando Castillo Velasco",
      "to": "Cambio de Andén",
      "fullPath": "Andén Fernando Castillo Velasco→Cambio de Andén",
      "segments": [
        "Andén Fernando Castillo Velasco",
        "Cambio de Andén"
      ],
      "status": "operativa",
      "lastUpdated": "2025-04-27T14:54:46.597Z",
      "notes": ""
    }
  ],
  "escalators": [
    {
      "id": "SR01EXA",
      "from": "Servicios",
      "to": "Exterior Acceso A",
      "fullPath": "Servicios→Exterior Acceso A",
      "segments": [
        "Servicios",
        "Exterior Acceso A"
      ],
      "status": "operativa",
      "lastUpdated": "2025-04-27T14:54:46.597Z",
      "notes": ""
    },
    {
      "id": "EXA02SR",
      "from": "Exterior Acceso A",
      "to": "Servicios",
      "fullPath": "Exterior Acceso A→Servicios",
      "segments": [
        "Exterior Acceso A",
        "Servicios"
      ],
      "status": "operativa",
      "lastUpdated": "2025-04-27T14:54:46.597Z",
      "notes": ""
    },
    {
      "id": "CA03SR",
      "from": "Cambio de Andén",
      "to": "Servicios",
      "fullPath": "Cambio de Andén→Servicios",
      "segments": [
        "Cambio de Andén",
        "Servicios"
      ],
      "status": "operativa",
      "lastUpdated": "2025-04-27T14:54:46.597Z",
      "notes": ""
    }
  ],
  "lastUpdated": "2025-04-27T15:01:59.561Z",
  "changeHistory": [
    {
      "timestamp": "2025-04-27T14:55:04.413Z",
      "user": "metromanrrss",
      "action": "Configuración inicial",
      "details": "Creación de archivo de accesibilidad"
    },
    {
      "timestamp": "2025-04-27T15:01:59.561Z",
      "user": "metromanrrss",
      "action": "Editado EXA",
      "details": "status cambiado de \"operativa\" a \"fuera de servicio\""
    }
  ]
}