{
  "station": "Escuela Militar",
  "line": "l1",
  "accesses": [
    {
      "status": "abierto",
      "lastUpdated": "2025-04-28T19:38:15.779Z",
      "notes": "",
      "id": "A",
      "name": "Acceso A",
      "description": "Los Militares / Galería Comercial"
    },
    {
      "status": "abierto",
      "lastUpdated": "2025-04-28T19:38:15.779Z",
      "notes": "",
      "id": "B",
      "name": "Acceso B",
      "description": "Av. Apoquindo Norte"
    },
    {
      "status": "abierto",
      "lastUpdated": "2025-04-28T19:38:15.779Z",
      "notes": "",
      "id": "C",
      "name": "Acceso C",
      "description": "Av. Apoquindo Sur / Félix de Amesti"
    },
    {
      "status": "abierto",
      "lastUpdated": "2025-04-28T19:38:15.779Z",
      "notes": "",
      "id": "D",
      "name": "Acceso D",
      "description": "Cruz del Sur / Galería Comercial"
    }
  ],
  "elevators": [
    {
      "id": "LD",
      "from": "Andén Los Dominicos",
      "to": "Boletería",
      "fullPath": "Andén Los Dominicos→Boletería",
      "segments": [
        "Andén Los Dominicos",
        "Boletería"
      ],
      "status": "operativa",
      "lastUpdated": "2025-04-26T13:26:47.771Z",
      "notes": ""
    },
    {
      "id": "SP",
      "from": "Andén San Pablo",
      "to": "Boletería",
      "fullPath": "Andén San Pablo→Boletería",
      "segments": [
        "Andén San Pablo",
        "Boletería"
      ],
      "status": "operativa",
      "lastUpdated": "2025-04-26T13:26:47.771Z",
      "notes": ""
    },
    {
      "id": "EXA",
      "from": "Boletería",
      "to": "Exterior",
      "fullPath": "Boletería→Exterior",
      "segments": [
        "Boletería",
        "Exterior"
      ],
      "status": "operativa",
      "lastUpdated": "2025-04-26T13:26:47.771Z",
      "notes": ""
    },
    {
      "id": "EXA2",
      "from": "Galería Comercial",
      "to": "Plaza Norponiente de Intersección Av. Apoquindo con Av. Américo Vespucio",
      "fullPath": "Galería Comercial→Plaza Norponiente de Intersección Av. Apoquindo con Av. Américo Vespucio",
      "segments": [
        "Galería Comercial",
        "Plaza Norponiente de Intersección Av. Apoquindo con Av. Américo Vespucio"
      ],
      "status": "operativa",
      "lastUpdated": "2025-04-26T13:26:47.771Z",
      "notes": ""
    }
  ],
  "escalators": [
    {
      "id": "EXA",
      "from": "Boletería",
      "to": "Exterior Acceso A",
      "status": "operativa",
      "lastUpdated": "2025-04-26T13:28:16.481Z",
      "notes": ""
    },
    {
      "id": "EXC",
      "from": "Boletería",
      "to": "Exterior Acceso C",
      "status": "operativa",
      "lastUpdated": "2025-04-26T13:29:01.463Z",
      "notes": ""
    }
  ],
  "lastUpdated": "2025-04-28T19:38:15.779Z",
  "changeHistory": [
    {
      "timestamp": "2025-04-26T13:26:58.909Z",
      "user": "metromanrrss",
      "action": "Configuración inicial",
      "details": "Creación de archivo de accesibilidad"
    },
    {
      "timestamp": "2025-04-26T13:28:16.481Z",
      "user": "metromanrrss",
      "action": "Añadida escalera",
      "details": "ID: EXA, Rutas: Boletería→Exterior Acceso A"
    },
    {
      "timestamp": "2025-04-26T13:29:01.463Z",
      "user": "metromanrrss",
      "action": "Añadida escalera",
      "details": "ID: EXC, Rutas: Boletería→Exterior Acceso C"
    },
    {
      "timestamp": "2025-04-28T19:35:48.304Z",
      "user": "metromanrrss (Batch)",
      "action": "Edición avanzada",
      "details": "A: status cambiado de \"abierto\" a \"operativa\""
    },
    {
      "timestamp": "2025-04-28T19:35:48.304Z",
      "user": "metromanrrss (Batch)",
      "action": "Edición avanzada",
      "details": "B: status cambiado de \"abierto\" a \"operativa\""
    },
    {
      "timestamp": "2025-04-28T19:35:48.304Z",
      "user": "metromanrrss (Batch)",
      "action": "Edición avanzada",
      "details": "C: status cambiado de \"abierto\" a \"operativa\""
    },
    {
      "timestamp": "2025-04-28T19:35:48.304Z",
      "user": "metromanrrss (Batch)",
      "action": "Edición avanzada",
      "details": "D: status cambiado de \"abierto\" a \"operativa\""
    },
    {
      "timestamp": "2025-04-28T19:38:15.779Z",
      "user": "metromanrrss (Batch)",
      "action": "Edición avanzada",
      "details": "A: status cambiado de \"operativa\" a \"abierto\""
    },
    {
      "timestamp": "2025-04-28T19:38:15.779Z",
      "user": "metromanrrss (Batch)",
      "action": "Edición avanzada",
      "details": "B: status cambiado de \"operativa\" a \"abierto\""
    },
    {
      "timestamp": "2025-04-28T19:38:15.779Z",
      "user": "metromanrrss (Batch)",
      "action": "Edición avanzada",
      "details": "C: status cambiado de \"operativa\" a \"abierto\""
    },
    {
      "timestamp": "2025-04-28T19:38:15.779Z",
      "user": "metromanrrss (Batch)",
      "action": "Edición avanzada",
      "details": "D: status cambiado de \"operativa\" a \"abierto\""
    }
  ]
}