{
  "station": "santa ana",
  "line": "l2",
  "accesses": [
    {
      "status": "abierto",
      "lastUpdated": "2025-04-26T16:23:13.212Z",
      "notes": "",
      "id": "A",
      "name": "Acceso A",
      "description": "Santo Domingo"
    },
    {
      "status": "abierto",
      "lastUpdated": "2025-04-26T16:23:13.212Z",
      "notes": "",
      "id": "B",
      "name": "Acceso B",
      "description": "Catedral/Senadis"
    },
    {
      "status": "abierto",
      "lastUpdated": "2025-04-26T16:23:13.212Z",
      "notes": "",
      "id": "C",
      "name": "Acceso C",
      "description": "Compañía de Jesús"
    },
    {
      "status": "abierto",
      "lastUpdated": "2025-04-26T16:23:13.212Z",
      "notes": "",
      "id": "D",
      "name": "Acceso D",
      "description": "Guardia Marina Riquelme"
    }
  ],
  "elevators": [
    {
      "id": "BLNPI",
      "from": "Boletería Norte",
      "to": "Andén Hospital El Pino",
      "fullPath": "Boletería Norte→Andén Hospital El Pino",
      "segments": [
        "Boletería Norte",
        "Andén Hospital El Pino"
      ],
      "status": "operativa",
      "lastUpdated": "2025-04-26T16:23:13.212Z",
      "notes": ""
    },
    {
      "id": "PIVV",
      "from": "Andén Hospital El Pino",
      "to": "Andén Vicente Valdés",
      "fullPath": "Andén Hospital El Pino→Andén Vicente Valdés",
      "segments": [
        "Andén Hospital El Pino",
        "Andén Vicente Valdés"
      ],
      "status": "operativa",
      "lastUpdated": "2025-04-26T16:23:13.212Z",
      "notes": ""
    },
    {
      "id": "PIPM",
      "from": "Andén Hospital El Pino",
      "to": "Andén Plaza de Maipú",
      "fullPath": "Andén Hospital El Pino→Andén Plaza de Maipú",
      "segments": [
        "Andén Hospital El Pino",
        "Andén Plaza de Maipú"
      ],
      "status": "operativa",
      "lastUpdated": "2025-04-26T16:23:13.212Z",
      "notes": ""
    },
    {
      "id": "BLSPI",
      "from": "Boletería Sur",
      "to": "Andén Hospital El Pino",
      "fullPath": "Boletería Sur→Andén Hospital El Pino",
      "segments": [
        "Boletería Sur",
        "Andén Hospital El Pino"
      ],
      "status": "operativa",
      "lastUpdated": "2025-04-26T16:23:13.212Z",
      "notes": ""
    },
    {
      "id": "BLSAV",
      "from": "Boletería Sur",
      "to": "Andén Vespucio Norte",
      "fullPath": "Boletería Sur→Andén Vespucio Norte",
      "segments": [
        "Boletería Sur",
        "Andén Vespucio Norte"
      ],
      "status": "operativa",
      "lastUpdated": "2025-04-26T16:23:13.212Z",
      "notes": ""
    },
    {
      "id": "BLNAV",
      "from": "Boletería Norte",
      "to": "Andén Vespucio Norte",
      "fullPath": "Boletería Norte→Andén Vespucio Norte",
      "segments": [
        "Boletería Norte",
        "Andén Vespucio Norte"
      ],
      "status": "fuera de servicio",
      "lastUpdated": "2025-04-26T16:25:21.800Z",
      "notes": ""
    }
  ],
  "escalators": [],
  "lastUpdated": "2025-04-26T16:25:21.800Z",
  "changeHistory": [
    {
      "timestamp": "2025-04-26T16:23:47.504Z",
      "user": "metromanrrss",
      "action": "Configuración inicial",
      "details": "Creación de archivo de accesibilidad"
    },
    {
      "timestamp": "2025-04-26T16:25:21.800Z",
      "user": "metromanrrss",
      "action": "Editado BLNAV",
      "details": "status cambiado de \"operativa\" a \"fuera de servicio\""
    }
  ]
}