{
  "station": "príncipe de gales",
  "line": "l4",
  "accesses": [
    {
      "id": "A",
      "name": "Acceso A",
      "description": "Av. Ossa Oriente / Av. Príncipe de Gales",
      "status": "abierto",
      "lastUpdated": "2025-04-29T17:19:51.225Z",
      "notes": ""
    },
    {
      "id": "B",
      "name": "Acceso B",
      "description": "Av. Ossa Oriente / Av. Tobalaba",
      "status": "abierto",
      "lastUpdated": "2025-04-29T17:19:51.225Z",
      "notes": ""
    },
    {
      "id": "C",
      "name": "Acceso C",
      "description": "Av. Ossa Poniente",
      "status": "abierto",
      "lastUpdated": "2025-04-29T17:19:51.225Z",
      "notes": ""
    }
  ],
  "elevators": [
    {
      "id": "TOB",
      "from": "Andén Tobalaba",
      "to": "Boletería",
      "fullPath": "Andén Tobalaba→Boletería",
      "segments": [
        "Andén Tobalaba",
        "Boletería"
      ],
      "status": "operativa",
      "lastUpdated": "2025-04-29T17:19:51.225Z",
      "notes": ""
    },
    {
      "id": "PPA",
      "from": "Andén Plaza de Puente Alto",
      "to": "Boletería",
      "fullPath": "Andén Plaza de Puente Alto→Boletería",
      "segments": [
        "Andén Plaza de Puente Alto",
        "Boletería"
      ],
      "status": "operativa",
      "lastUpdated": "2025-04-29T17:19:51.225Z",
      "notes": ""
    },
    {
      "id": "EXB",
      "from": "Boletería",
      "to": "Exterior Acceso B",
      "fullPath": "Boletería→Exterior Acceso B",
      "segments": [
        "Boletería",
        "Exterior Acceso B"
      ],
      "status": "operativa",
      "lastUpdated": "2025-04-29T17:19:51.225Z",
      "notes": ""
    }
  ],
  "escalators": [
    {
      "id": "BLDSEXB",
      "from": "Boletería",
      "to": "Descanso Acceso B",
      "fullPath": "Boletería→Descanso Acceso B",
      "segments": [
        "Boletería",
        "Descanso Acceso B"
      ],
      "status": "operativa",
      "lastUpdated": "2025-04-29T17:19:51.225Z",
      "notes": ""
    },
    {
      "id": "DSEXB",
      "from": "Descanso",
      "to": "Exterior Acceso B",
      "fullPath": "Descanso→Exterior Acceso B",
      "segments": [
        "Descanso",
        "Exterior Acceso B"
      ],
      "status": "operativa",
      "lastUpdated": "2025-04-29T17:19:51.225Z",
      "notes": ""
    },
    {
      "id": "BL03DSEXB",
      "from": "Boletería",
      "to": "Descanso Acceso B",
      "fullPath": "Boletería→Descanso Acceso B",
      "segments": [
        "Boletería",
        "Descanso Acceso B"
      ],
      "status": "operativa",
      "lastUpdated": "2025-04-29T17:19:51.226Z",
      "notes": ""
    }
  ],
  "lastUpdated": "2025-04-29T17:19:51.224Z",
  "changeHistory": [
    {
      "timestamp": "2025-04-29T17:20:01.034Z",
      "user": "metromanrrss",
      "action": "Configuración inicial",
      "details": "Creación de archivo de accesibilidad"
    }
  ]
}