{
  "station": "lo Cruzat",
  "line": "l3",
  "accesses": [
    {
      "id": "A",
      "name": "Acceso A",
      "description": "Av. Lo Cruzat",
      "status": "abierto",
      "lastUpdated": "2025-04-27T13:55:33.624Z",
      "notes": ""
    }
  ],
  "elevators": [
    {
      "id": "EXA",
      "to": "Exterior Acceso A",
      "from": "Servicios",
      "fullPath": "Servicios→Exterior Acceso A",
      "segments": [
        
        "Servicios", 
        "Exterior Acceso A" 
      ],
      "status": "operativa",
      "lastUpdated": "2025-04-27T13:55:33.624Z",
      "notes": ""
    },
    {
      "id": "PQUSR",
      "from": "Andén Plaza Quilicura",
      "to": "Servicios",
      "fullPath": "Andén Plaza Quilicura→Servicios",
      "segments": [
        "Andén Plaza Quilicura",
        "Servicios"
      ],
      "status": "operativa",
      "lastUpdated": "2025-04-27T13:55:33.624Z",
      "notes": ""
    },
    {
      "id": "FCVSR",
      "from": "Andén Fernando Castillo Velasco",
      "to": "Servicios",
      "fullPath": "Andén Fernando Castillo Velasco→Servicios",
      "segments": [
        "Andén Fernando Castillo Velasco",
        "Servicios"
      ],
      "status": "operativa",
      "lastUpdated": "2025-04-27T13:55:33.624Z",
      "notes": ""
    }
  ],
  "escalators": [
    {
      "id": "SR01EXA",
      "from": "Servicios",
      "to": "Exterior Acceso A",
      "fullPath": "Servicios→Exterior Acceso A",
      "segments": [
        "Servicios",
        "Exterior Acceso A"
      ],
      "status": "operativa",
      "lastUpdated": "2025-04-27T13:55:33.624Z",
      "notes": ""
    },
    {
      "id": "EXA02SR",
      "from": "Exterior Acceso A",
      "to": "Servicios",
      "fullPath": "Exterior Acceso A→Servicios",
      "segments": [
        "Exterior Acceso A",
        "Servicios"
      ],
      "status": "operativa",
      "lastUpdated": "2025-04-27T13:55:33.624Z",
      "notes": ""
    }
  ],
  "lastUpdated": "2025-04-27T13:55:33.624Z",
  "changeHistory": [
    {
      "timestamp": "2025-04-27T13:55:37.681Z",
      "user": "metromanrrss",
      "action": "Configuración inicial",
      "details": "Creación de archivo de accesibilidad"
    }
  ]
}