{
  "station": "plaza de armas",
  "line": "l3",
  "accesses": [
    {
      "status": "abierto",
      "lastUpdated": "2025-04-28T11:38:12.267Z",
      "notes": "",
      "id": "A",
      "name": "Acceso A",
      "description": "Paseo Puente"
    },
    {
      "status": "abierto",
      "lastUpdated": "2025-04-28T11:38:12.267Z",
      "notes": "",
      "id": "B",
      "name": "Acceso B",
      "description": "21 de Mayo"
    },
    {
      "status": "abierto",
      "lastUpdated": "2025-04-28T11:38:12.267Z",
      "notes": "",
      "id": "C",
      "name": "Acceso C",
      "description": "Paseo Estado"
    },
    {
      "status": "abierto",
      "lastUpdated": "2025-04-28T11:38:12.267Z",
      "notes": "",
      "id": "D",
      "name": "Acceso D",
      "description": "Paseo Ahumada"
    },
    {
      "status": "abierto",
      "lastUpdated": "2025-04-28T11:38:12.267Z",
      "notes": "",
      "id": "E",
      "name": "Acceso E",
      "description": "Bandera / Catedral"
    }
  ],
  "elevators": [
    {
      "id": "FCVSR3",
      "from": "Andén Fernando Castillo Velasco",
      "to": "Servicios Línea 3",
      "fullPath": "Andén Fernando Castillo Velasco→Cambio de Andén Línea 3 / Combinación a Línea 5→Servicios Línea 3",
      "segments": [
        "Andén Fernando Castillo Velasco",
        "Cambio de Andén Línea 3/ Combinación a Línea 5",
        "Servicios Línea 3"
      ],
      "status": "operativa",
      "lastUpdated": "2025-04-28T11:38:12.267Z",
      "notes": ""
    },
    {
      "id": "PQUSR3",
      "from": "Andén Plaza Quilicura",
      "to": "Servicios Línea 3",
      "fullPath": "Andén Plaza Quilicura→Servicios Línea 3",
      "segments": [
        "Andén Plaza Quilicura",
        "Servicios Línea 3"
      ],
      "status": "operativa",
      "lastUpdated": "2025-04-28T11:38:12.267Z",
      "notes": ""
    },
    {
      "id": "3CO5PM",
      "from": "Combinación a Línea 5",
      "to": "Andén Plaza de Maipú",
      "fullPath": "Combinación a Línea 5→Andén Plaza de Maipú",
      "segments": [
        "Combinación a Línea 5",
        "Andén Plaza de Maipú"
      ],
      "status": "operativa",
      "lastUpdated": "2025-04-28T11:38:12.267Z",
      "notes": ""
    },
    {
      "id": "3CO5VV",
      "from": "Combinación a Línea 5",
      "to": "Andén Vicente Valdés",
      "fullPath": "Combinación a Línea 5→Andén Vicente Valdés",
      "segments": [
        "Combinación a Línea 5",
        "Andén Vicente Valdés"
      ],
      "status": "fuera de servicio",
      "lastUpdated": "2025-04-28T11:47:42.893Z",
      "notes": ""
    },
    {
      "id": "SREXA",
      "from": "Servicios Línea 3",
      "to": "Exterior Acceso A",
      "fullPath": "Servicios Línea 3→Exterior Acceso A",
      "segments": [
        "Servicios Línea 3",
        "Exterior Acceso A"
      ],
      "status": "operativa",
      "lastUpdated": "2025-04-28T11:38:12.267Z",
      "notes": ""
    }
  ],
  "escalators": [
    {
      "id": "SR301EXE",
      "from": "Servicios Línea 3",
      "to": "Acceso E Bandera / Catedral",
      "fullPath": "Servicios Línea 3→Acceso E Bandera / Catedral",
      "segments": [
        "Servicios Línea 3",
        "Acceso E Bandera / Catedral"
      ],
      "status": "operativa",
      "lastUpdated": "2025-04-28T11:38:12.267Z",
      "notes": ""
    },
    {
      "id": "CA310SR3",
      "from": "Cambio de Andén",
      "to": "Servicios Línea 3",
      "fullPath": "Cambio de Andén→Servicios Línea 3",
      "segments": [
        "Cambio de Andén",
        "Servicios Línea 3"
      ],
      "status": "operativa",
      "lastUpdated": "2025-04-28T11:38:12.267Z",
      "notes": ""
    },
    {
      "id": "SR311CA",
      "from": "Servicios Línea 3",
      "to": "Cambio de Andén",
      "fullPath": "Servicios Línea 3→Cambio de Andén",
      "segments": [
        "Servicios Línea 3",
        "Cambio de Andén"
      ],
      "status": "operativa",
      "lastUpdated": "2025-04-28T11:38:12.267Z",
      "notes": ""
    },
    {
      "id": "3CO513SR3",
      "from": "Combinación a Línea 5",
      "to": "Servicios Línea 3",
      "fullPath": "Combinación a Línea 5→Servicios Línea 3",
      "segments": [
        "Combinación a Línea 5",
        "Servicios Línea 3"
      ],
      "status": "operativa",
      "lastUpdated": "2025-04-28T11:38:12.267Z",
      "notes": ""
    },
    {
      "id": "3CO514SR3",
      "from": "Combinación a Línea 5",
      "to": "Servicios Línea 3",
      "fullPath": "Combinación a Línea 5→Servicios Línea 3",
      "segments": [
        "Combinación a Línea 5",
        "Servicios Línea 3"
      ],
      "status": "fuera de servicio",
      "lastUpdated": "2025-04-28T11:48:55.719Z",
      "notes": ""
    },
    {
      "id": "3CO515SR3",
      "from": "Combinación a Línea 5",
      "to": "Servicios Línea 3",
      "fullPath": "Combinación a Línea 5→Servicios Línea 3",
      "segments": [
        "Combinación a Línea 5",
        "Servicios Línea 3"
      ],
      "status": "operativa",
      "lastUpdated": "2025-04-28T11:38:12.267Z",
      "notes": ""
    },
    {
      "id": "SR316CA",
      "from": "Servicios Línea 3",
      "to": "Cambio de Andén",
      "fullPath": "Servicios Línea 3→Cambio de Andén",
      "segments": [
        "Servicios Línea 3",
        "Cambio de Andén"
      ],
      "status": "operativa",
      "lastUpdated": "2025-04-28T11:38:12.267Z",
      "notes": ""
    },
    {
      "id": "SR317CA",
      "from": "Servicios Línea 3",
      "to": "Cambio de Andén",
      "fullPath": "Servicios Línea 3→Cambio de Andén",
      "segments": [
        "Servicios Línea 3",
        "Cambio de Andén"
      ],
      "status": "operativa",
      "lastUpdated": "2025-04-28T11:38:12.267Z",
      "notes": ""
    },
    {
      "id": "CA318SR3",
      "from": "Cambio de Andén",
      "to": "Servicios Línea 3",
      "fullPath": "Cambio de Andén→Servicios Línea 3",
      "segments": [
        "Cambio de Andén",
        "Servicios Línea 3"
      ],
      "status": "operativa",
      "lastUpdated": "2025-04-28T11:38:12.267Z",
      "notes": ""
    },
    {
      "id": "SR302EXE",
      "from": "Servicios Línea 3",
      "to": "Acceso E",
      "fullPath": "Servicios Línea 3→Acceso E",
      "segments": [
        "Servicios Línea 3",
        "Acceso E"
      ],
      "status": "operativa",
      "lastUpdated": "2025-04-28T11:38:12.267Z",
      "notes": ""
    },
    {
      "id": "EXE303SR3",
      "from": "Acceso E",
      "to": "Servicios Línea 3",
      "fullPath": "Acceso E→Servicios Línea 3",
      "segments": [
        "Acceso E",
        "Servicios Línea 3"
      ],
      "status": "operativa",
      "lastUpdated": "2025-04-28T11:38:12.267Z",
      "notes": ""
    },
    {
      "id": "N2N1EXE",
      "from": "Nivel -2",
      "to": "Acceso E Bandera / Catedral",
      "fullPath": "Nivel -2→Nivel -1→Acceso E Bandera / Catedral",
      "segments": [
        "Nivel -2",
        "Nivel -1",
        "Acceso E Bandera / Catedral"
      ],
      "status": "operativa",
      "lastUpdated": "2025-04-28T11:38:12.267Z",
      "notes": ""
    },
    {
      "id": "N1N2SR3",
      "from": "Nivel -1",
      "to": "Nivel -2",
      "fullPath": "Nivel -1→Nivel -2",
      "segments": [
        "Nivel -1",
        "Nivel -2"
      ],
      "status": "operativa",
      "lastUpdated": "2025-04-28T11:38:12.267Z",
      "notes": ""
    },
    {
      "id": "CA309SR3",
      "from": "Cambio de Andén",
      "to": "Servicios Línea 3",
      "fullPath": "Cambio de Andén→Servicios Línea 3",
      "segments": [
        "Cambio de Andén",
        "Servicios Línea 3"
      ],
      "status": "operativa",
      "lastUpdated": "2025-04-28T11:38:12.267Z",
      "notes": ""
    }
  ],
  "lastUpdated": "2025-04-28T11:48:55.719Z",
  "changeHistory": [
    {
      "timestamp": "2025-04-28T11:39:09.794Z",
      "user": "metromanrrss",
      "action": "Configuración inicial",
      "details": "Creación de archivo de accesibilidad"
    },
    {
      "timestamp": "2025-04-28T11:47:42.893Z",
      "user": "metromanrrss",
      "action": "Editado 3CO5VV",
      "details": "status cambiado de \"operativa\" a \"fuera de servicio\""
    },
    {
      "timestamp": "2025-04-28T11:48:55.719Z",
      "user": "metromanrrss",
      "action": "Editado 3CO514SR3",
      "details": "status cambiado de \"operativa\" a \"fuera de servicio\""
    }
  ]
}