{
  "station": "hospital el pino",
  "line": "l2",
  "accesses": [
    {
      "id": "A",
      "name": "Acceso A",
      "description": "Av. Lo Blanco",
      "status": "abierto",
      "lastUpdated": "2025-04-26T19:24:10.479Z",
      "notes": ""
    },
    {
      "id": "B",
      "name": "Acceso B",
      "description": "Av. Padre Hurtado",
      "status": "abierto",
      "lastUpdated": "2025-04-26T19:24:10.479Z",
      "notes": ""
    }
  ],
  "elevators": [
    {
      "id": "EXB",
      "from": "Servicios",
      "to": "Exterior Acceso B",
      "fullPath": "Servicios→Exterior Acceso B",
      "segments": [
        "Servicios",
        "Exterior Acceso B"
      ],
      "status": "operativa",
      "lastUpdated": "2025-04-26T19:24:10.479Z",
      "notes": ""
    },
    {
      "id": "PI",
      "from": "Andén Hospital El Pino",
      "to": "Servicios",
      "fullPath": "Andén Hospital El Pino→Servicios",
      "segments": [
        "Andén Hospital El Pino",
        "Servicios"
      ],
      "status": "operativa",
      "lastUpdated": "2025-04-26T19:24:10.479Z",
      "notes": ""
    },
    {
      "id": "AV",
      "from": "Andén Vespucio Norte",
      "to": "Servicios",
      "fullPath": "Andén Vespucio Norte→Servicios",
      "segments": [
        "Andén Vespucio Norte",
        "Servicios"
      ],
      "status": "operativa",
      "lastUpdated": "2025-04-26T19:24:10.479Z",
      "notes": ""
    }
  ],
  "escalators": [
    {
      "id": "EXA01SR",
      "from": "Exterior Acceso A",
      "to": "Servicios",
      "fullPath": "Exterior Acceso A→Servicios",
      "segments": [
        "Exterior Acceso A",
        "Servicios"
      ],
      "status": "operativa",
      "lastUpdated": "2025-04-26T19:24:10.479Z",
      "notes": ""
    },
    {
      "id": "SR10EXA",
      "from": "Servicios",
      "to": "Exterior Acceso A",
      "fullPath": "Servicios→Exterior Acceso A",
      "segments": [
        "Servicios",
        "Exterior Acceso A"
      ],
      "status": "operativa",
      "lastUpdated": "2025-04-26T19:24:10.479Z",
      "notes": ""
    },
    {
      "id": "EXA02SR",
      "from": "Exterior Acceso A",
      "to": "Servicios",
      "fullPath": "Exterior Acceso A→Servicios",
      "segments": [
        "Exterior Acceso A",
        "Servicios"
      ],
      "status": "operativa",
      "lastUpdated": "2025-04-26T19:24:10.479Z",
      "notes": ""
    },
    {
      "id": "SR03EXA",
      "from": "Servicios",
      "to": "Exterior Acceso A",
      "fullPath": "Servicios→Exterior Acceso A",
      "segments": [
        "Servicios",
        "Exterior Acceso A"
      ],
      "status": "operativa",
      "lastUpdated": "2025-04-26T19:24:10.479Z",
      "notes": ""
    },
    {
      "id": "SR04IN",
      "from": "Servicios",
      "to": "Comercio",
      "fullPath": "Servicios→Comercio",
      "segments": [
        "Servicios",
        "Comercio"
      ],
      "status": "operativa",
      "lastUpdated": "2025-04-26T19:24:10.479Z",
      "notes": ""
    },
    {
      "id": "IN05SR",
      "from": "Comercio",
      "to": "Servicios",
      "fullPath": "Comercio→Servicios",
      "segments": [
        "Comercio",
        "Servicios"
      ],
      "status": "operativa",
      "lastUpdated": "2025-04-26T19:24:10.479Z",
      "notes": ""
    },
    {
      "id": "IN06SR",
      "from": "Comercio",
      "to": "Servicios",
      "fullPath": "Comercio→Servicios",
      "segments": [
        "Comercio",
        "Servicios"
      ],
      "status": "operativa",
      "lastUpdated": "2025-04-26T19:24:10.479Z",
      "notes": ""
    },
    {
      "id": "SR07IN",
      "from": "Servicios",
      "to": "Comercio",
      "fullPath": "Servicios→Comercio",
      "segments": [
        "Servicios",
        "Comercio"
      ],
      "status": "operativa",
      "lastUpdated": "2025-04-26T19:24:10.479Z",
      "notes": ""
    },
    {
      "id": "SR08EXA",
      "from": "Servicios",
      "to": "Exterior Acceso A",
      "fullPath": "Servicios→Exterior Acceso A",
      "segments": [
        "Servicios",
        "Exterior Acceso A"
      ],
      "status": "operativa",
      "lastUpdated": "2025-04-26T19:24:10.479Z",
      "notes": ""
    },
    {
      "id": "SR09EXA",
      "from": "Servicios",
      "to": "Exterior Acceso A",
      "fullPath": "Servicios→Exterior Acceso A",
      "segments": [
        "Servicios",
        "Exterior Acceso A"
      ],
      "status": "operativa",
      "lastUpdated": "2025-04-26T19:24:10.479Z",
      "notes": ""
    }
  ],
  "lastUpdated": "2025-04-26T19:24:10.479Z",
  "changeHistory": [
    {
      "timestamp": "2025-04-26T19:24:15.195Z",
      "user": "metromanrrss",
      "action": "Configuración inicial",
      "details": "Creación de archivo de accesibilidad"
    }
  ]
}