{
  "station": "Tobalaba",
  "line": "l1",
  "accesses": [
    {
      "id": "A",
      "name": "Acceso A",
      "description": "Av. Luis Thayer Ojeda Norte",
      "status": "abierto",
      "lastUpdated": "2025-04-28T19:38:15.801Z",
      "notes": ""
    },
    {
      "id": "B",
      "name": "Acceso B",
      "description": "Av. Nueva Providencia",
      "status": "abierto",
      "lastUpdated": "2025-04-28T19:38:15.801Z",
      "notes": ""
    },
    {
      "id": "C",
      "name": "Acceso C",
      "description": "Av. Tobalaba",
      "status": "abierto",
      "lastUpdated": "2025-04-28T19:38:15.801Z",
      "notes": ""
    },
    {
      "id": "D",
      "name": "Acceso D",
      "description": "Av. Luis Thayer Ojeda Sur",
      "status": "abierto",
      "lastUpdated": "2025-04-28T19:38:15.801Z",
      "notes": ""
    },
    {
      "id": "E",
      "name": "Acceso E",
      "description": "Encomenderos",
      "status": "abierto",
      "lastUpdated": "2025-04-28T19:38:15.801Z",
      "notes": ""
    },
    {
      "id": "F",
      "name": "Acceso F",
      "description": "Av. Apoquindo",
      "status": "abierto",
      "lastUpdated": "2025-04-28T19:38:15.801Z",
      "notes": ""
    }
  ],
  "elevators": [
    {
      "id": "SPHL4EXB",
      "from": "Combinación Línea 1 Andén San Pablo / Hall Línea 4",
      "to": "Exterior Acceso B",
      "fullPath": "Combinación Línea 1 Andén San Pablo / Hall Línea 4→Exterior Acceso B",
      "segments": [
        "Combinación Línea 1 Andén San Pablo / Hall Línea 4",
        "Exterior Acceso B"
      ],
      "status": "operativa",
      "lastUpdated": "2025-04-26T13:10:08.730Z",
      "notes": ""
    },
    {
      "id": "LDHL4EXC",
      "from": "Combinación Línea 1 Andén Los Dominicos / Hall Línea 4",
      "to": "Exterior Acceso C",
      "fullPath": "Combinación Línea 1 Andén Los Dominicos / Hall Línea 4→Exterior Acceso C",
      "segments": [
        "Combinación Línea 1 Andén Los Dominicos / Hall Línea 4",
        "Exterior Acceso C"
      ],
      "status": "operativa",
      "lastUpdated": "2025-04-26T13:10:08.730Z",
      "notes": ""
    },
    {
      "id": "PPALDHL4",
      "from": "Andén Plaza de Puente Alto",
      "to": "Combinación Línea 1 Andén Los Dominicos / Hall Línea 4",
      "fullPath": "Andén Plaza de Puente Alto→Combinación Línea 1 Andén Los Dominicos / Hall Línea 4",
      "segments": [
        "Andén Plaza de Puente Alto",
        "Combinación Línea 1 Andén Los Dominicos / Hall Línea 4"
      ],
      "status": "operativa",
      "lastUpdated": "2025-04-26T13:10:08.730Z",
      "notes": ""
    },
    {
      "id": "PPASPHL4",
      "from": "Andén Plaza de Puente Alto",
      "to": "Combinación Línea 1 Andén San Pablo / Hall Línea 4",
      "fullPath": "Andén Plaza de Puente Alto→Combinación Línea 1 Andén San Pablo / Hall Línea 4",
      "segments": [
        "Andén Plaza de Puente Alto",
        "Combinación Línea 1 Andén San Pablo / Hall Línea 4"
      ],
      "status": "operativa",
      "lastUpdated": "2025-04-26T13:10:08.730Z",
      "notes": ""
    },
    {
      "id": "TOBLDHL4",
      "from": "Andén Tobalaba",
      "to": "Combinación Línea 1 Andén Los Dominicos / Hall Línea 4",
      "fullPath": "Andén Tobalaba→Combinación Línea 1 Andén Los Dominicos / Hall Línea 4",
      "segments": [
        "Andén Tobalaba",
        "Combinación Línea 1 Andén Los Dominicos / Hall Línea 4"
      ],
      "status": "operativa",
      "lastUpdated": "2025-04-26T13:10:08.730Z",
      "notes": ""
    },
    {
      "id": "TOBSPHL4",
      "from": "Andén Tobalaba",
      "to": "Combinación Línea 1 Andén San Pablo / Hall Línea 4",
      "fullPath": "Andén Tobalaba→Combinación Línea 1 Andén San Pablo / Hall Línea 4",
      "segments": [
        "Andén Tobalaba",
        "Combinación Línea 1 Andén San Pablo / Hall Línea 4"
      ],
      "status": "operativa",
      "lastUpdated": "2025-04-26T13:10:08.730Z",
      "notes": ""
    }
  ],
  "escalators": [
    {
      "id": "EXA",
      "from": "Boletería",
      "to": "Exterior Acceso A",
      "fullPath": "Boletería→Exterior Acceso A",
      "segments": [
        "Boletería",
        "Exterior Acceso A"
      ],
      "status": "operativa",
      "lastUpdated": "2025-04-26T13:10:08.731Z",
      "notes": ""
    }
  ],
  "lastUpdated": "2025-04-28T19:38:15.801Z",
  "changeHistory": [
    {
      "timestamp": "2025-04-26T13:10:23.058Z",
      "user": "metromanrrss",
      "action": "Configuración inicial",
      "details": "Creación de archivo de accesibilidad"
    },
    {
      "timestamp": "2025-04-28T19:35:48.334Z",
      "user": "metromanrrss (Batch)",
      "action": "Edición avanzada",
      "details": "A: status cambiado de \"abierto\" a \"operativa\""
    },
    {
      "timestamp": "2025-04-28T19:35:48.334Z",
      "user": "metromanrrss (Batch)",
      "action": "Edición avanzada",
      "details": "B: status cambiado de \"abierto\" a \"operativa\""
    },
    {
      "timestamp": "2025-04-28T19:35:48.334Z",
      "user": "metromanrrss (Batch)",
      "action": "Edición avanzada",
      "details": "C: status cambiado de \"abierto\" a \"operativa\""
    },
    {
      "timestamp": "2025-04-28T19:35:48.334Z",
      "user": "metromanrrss (Batch)",
      "action": "Edición avanzada",
      "details": "D: status cambiado de \"abierto\" a \"operativa\""
    },
    {
      "timestamp": "2025-04-28T19:35:48.334Z",
      "user": "metromanrrss (Batch)",
      "action": "Edición avanzada",
      "details": "E: status cambiado de \"abierto\" a \"operativa\""
    },
    {
      "timestamp": "2025-04-28T19:35:48.334Z",
      "user": "metromanrrss (Batch)",
      "action": "Edición avanzada",
      "details": "F: status cambiado de \"abierto\" a \"operativa\""
    },
    {
      "timestamp": "2025-04-28T19:38:15.801Z",
      "user": "metromanrrss (Batch)",
      "action": "Edición avanzada",
      "details": "A: status cambiado de \"operativa\" a \"abierto\""
    },
    {
      "timestamp": "2025-04-28T19:38:15.801Z",
      "user": "metromanrrss (Batch)",
      "action": "Edición avanzada",
      "details": "B: status cambiado de \"operativa\" a \"abierto\""
    },
    {
      "timestamp": "2025-04-28T19:38:15.801Z",
      "user": "metromanrrss (Batch)",
      "action": "Edición avanzada",
      "details": "C: status cambiado de \"operativa\" a \"abierto\""
    },
    {
      "timestamp": "2025-04-28T19:38:15.801Z",
      "user": "metromanrrss (Batch)",
      "action": "Edición avanzada",
      "details": "D: status cambiado de \"operativa\" a \"abierto\""
    },
    {
      "timestamp": "2025-04-28T19:38:15.801Z",
      "user": "metromanrrss (Batch)",
      "action": "Edición avanzada",
      "details": "E: status cambiado de \"operativa\" a \"abierto\""
    },
    {
      "timestamp": "2025-04-28T19:38:15.801Z",
      "user": "metromanrrss (Batch)",
      "action": "Edición avanzada",
      "details": "F: status cambiado de \"operativa\" a \"abierto\""
    }
  ]
}