{
  "station": "Vespucio Norte",
  "line": "l2",
  "accesses": [
    {
      "status": "abierto",
      "lastUpdated": "2025-04-26T14:35:36.715Z",
      "notes": "",
      "id": "A",
      "name": "Acceso A",
      "description": "Av. Américo Vespucio"
    },
    {
      "status": "abierto",
      "lastUpdated": "2025-04-26T14:35:36.715Z",
      "notes": "",
      "id": "B",
      "name": "Acceso B",
      "description": "Av. Principal Capitán Ignacio Carrera Pinto"
    }
  ],
  "elevators": [
    {
      "id": "AV",
      "from": "Andén Vespucio Norte",
      "to": "Boletería",
      "fullPath": "Andén Vespucio Norte→Boletería",
      "segments": [
        "Andén Vespucio Norte",
        "Boletería"
      ],
      "status": "operativa",
      "lastUpdated": "2025-04-26T14:35:36.715Z",
      "notes": ""
    },
    {
      "id": "PI",
      "from": "Andén Hospital El Pino",
      "to": "Boletería",
      "fullPath": "Andén Hospital El Pino→Boletería",
      "segments": [
        "Andén Hospital El Pino",
        "Boletería"
      ],
      "status": "operativa",
      "lastUpdated": "2025-04-26T14:35:36.715Z",
      "notes": ""
    },
    {
      "id": "EXA",
      "from": "Boletería",
      "to": "Intermodal Vespucio Norte",
      "fullPath": "Boletería→Intermedio -1→Intermodal Vespucio Norte",
      "segments": [
        "Boletería",
        "Intermedio -1",
        "Intermodal Vespucio Norte"
      ],
      "status": "operativa",
      "lastUpdated": "2025-04-26T14:35:36.715Z",
      "notes": ""
    },
    {
      "id": "EXAB",
      "from": "Boletería",
      "to": "Intermodal Vespucio Norte",
      "fullPath": "Boletería→Intermedio -1→Intermodal Vespucio Norte",
      "segments": [
        "Boletería",
        "Intermedio -1",
        "Intermodal Vespucio Norte"
      ],
      "status": "operativa",
      "lastUpdated": "2025-04-26T14:35:36.715Z",
      "notes": ""
    }
  ],
  "escalators": [
    {
      "id": "BL01CA",
      "from": "Boletería",
      "to": "Cambio de andén",
      "fullPath": "Boletería→Cambio de andén",
      "segments": [
        "Boletería",
        "Cambio de andén"
      ],
      "status": "operativa",
      "lastUpdated": "2025-04-26T14:35:36.715Z",
      "notes": ""
    },
    {
      "id": "CAEXB",
      "from": "Cambio de andén",
      "to": "Exterior Acceso B",
      "fullPath": "Cambio de andén→Exterior Acceso B",
      "segments": [
        "Cambio de andén",
        "Exterior Acceso B"
      ],
      "status": "fuera de servicio",
      "lastUpdated": "2025-04-26T14:39:36.234Z",
      "notes": ""
    },
    {
      "id": "BL03CA",
      "from": "Boletería",
      "to": "Cambio de andén",
      "fullPath": "Boletería→Cambio de andén",
      "segments": [
        "Boletería",
        "Cambio de andén"
      ],
      "status": "operativa",
      "lastUpdated": "2025-04-26T14:35:36.715Z",
      "notes": ""
    },
    {
      "id": "EXBCA",
      "from": "Exterior Acceso B",
      "to": "Cambio de andén",
      "fullPath": "Exterior Acceso B→Cambio de andén",
      "segments": [
        "Exterior Acceso B",
        "Cambio de andén"
      ],
      "status": "operativa",
      "lastUpdated": "2025-04-26T14:35:36.715Z",
      "notes": ""
    },
    {
      "id": "BL05CA",
      "from": "Boletería",
      "to": "Cambio de andén",
      "fullPath": "Boletería→Cambio de andén",
      "segments": [
        "Boletería",
        "Cambio de andén"
      ],
      "status": "operativa",
      "lastUpdated": "2025-04-26T14:35:36.715Z",
      "notes": ""
    },
    {
      "id": "CAEXIVN",
      "from": "Cambio de andén",
      "to": "Salida Intermodal Vespucio Norte",
      "fullPath": "Cambio de andén→Salida Intermodal Vespucio Norte",
      "segments": [
        "Cambio de andén",
        "Salida Intermodal Vespucio Norte"
      ],
      "status": "operativa",
      "lastUpdated": "2025-04-26T14:35:36.715Z",
      "notes": ""
    },
    {
      "id": "CABL",
      "from": "Cambio de andén",
      "to": "Boletería",
      "fullPath": "Cambio de andén→Boletería",
      "segments": [
        "Cambio de andén",
        "Boletería"
      ],
      "status": "operativa",
      "lastUpdated": "2025-04-26T14:35:36.715Z",
      "notes": ""
    },
    {
      "id": "EXIVNPI",
      "from": "Salida Intermodal Vespucio Norte",
      "to": "Andén Hospital El Pino",
      "fullPath": "Salida Intermodal Vespucio Norte→Andén Hospital El Pino",
      "segments": [
        "Salida Intermodal Vespucio Norte",
        "Andén Hospital El Pino"
      ],
      "status": "operativa",
      "lastUpdated": "2025-04-26T14:35:36.715Z",
      "notes": ""
    }
  ],
  "lastUpdated": "2025-04-26T14:39:36.234Z",
  "changeHistory": [
    {
      "timestamp": "2025-04-26T14:35:45.294Z",
      "user": "metromanrrss",
      "action": "Configuración inicial",
      "details": "Creación de archivo de accesibilidad"
    },
    {
      "timestamp": "2025-04-26T14:39:36.234Z",
      "user": "metromanrrss",
      "action": "Editado CAEXB",
      "details": "status cambiado de \"operativa\" a \"fuera de servicio\""
    }
  ]
}