{
  "station": "República",
  "line": "l1",
  "accesses": [
    {
      "id": "A",
      "name": "Acceso A",
      "description": "Av. Ricardo Cumming",
      "status": "abierto",
      "lastUpdated": "2025-04-28T19:38:15.797Z"
    },
    {
      "id": "B",
      "name": "Acceso B",
      "description": "Echaurren",
      "status": "abierto",
      "lastUpdated": "2025-04-28T19:38:15.797Z"
    },
    {
      "id": "C",
      "name": "Acceso C",
      "description": "Av. República",
      "status": "abierto",
      "lastUpdated": "2025-04-28T19:38:15.797Z"
    }
  ],
  "elevators": [
    {
      "id": "LD",
      "from": "Andén Los Dominicos",
      "to": "Boletería",
      "status": "operativa",
      "lastUpdated": "2025-04-26T09:21:52.473Z",
      "notes": ""
    },
    {
      "id": "SP",
      "from": "Andén San Pablo",
      "to": "Boletería",
      "status": "operativa",
      "lastUpdated": "2025-04-26T09:21:52.473Z",
      "notes": ""
    },
    {
      "id": "EXA",
      "from": "Boletería",
      "to": "Exterior Acceso A",
      "status": "operativa",
      "lastUpdated": "2025-04-26T09:21:52.473Z",
      "notes": ""
    }
  ],
  "escalators": [],
  "lastUpdated": "2025-04-28T19:38:15.797Z",
  "changeHistory": [
    {
      "timestamp": "2025-04-26T09:22:08.283Z",
      "user": "metromanrrss",
      "action": "Configuración inicial",
      "details": "Creación de archivo de accesibilidad"
    },
    {
      "timestamp": "2025-04-28T19:35:48.327Z",
      "user": "metromanrrss (Batch)",
      "action": "Edición avanzada",
      "details": "A: status cambiado de \"undefined\" a \"operativa\""
    },
    {
      "timestamp": "2025-04-28T19:35:48.327Z",
      "user": "metromanrrss (Batch)",
      "action": "Edición avanzada",
      "details": "B: status cambiado de \"undefined\" a \"operativa\""
    },
    {
      "timestamp": "2025-04-28T19:35:48.327Z",
      "user": "metromanrrss (Batch)",
      "action": "Edición avanzada",
      "details": "C: status cambiado de \"undefined\" a \"operativa\""
    },
    {
      "timestamp": "2025-04-28T19:38:15.797Z",
      "user": "metromanrrss (Batch)",
      "action": "Edición avanzada",
      "details": "A: status cambiado de \"operativa\" a \"abierto\""
    },
    {
      "timestamp": "2025-04-28T19:38:15.797Z",
      "user": "metromanrrss (Batch)",
      "action": "Edición avanzada",
      "details": "B: status cambiado de \"operativa\" a \"abierto\""
    },
    {
      "timestamp": "2025-04-28T19:38:15.797Z",
      "user": "metromanrrss (Batch)",
      "action": "Edición avanzada",
      "details": "C: status cambiado de \"operativa\" a \"abierto\""
    }
  ]
}