{
  "station": "las rejas",
  "line": "l1",
  "accesses": [
    {
      "id": "AccesoA",
      "name": "Acceso A",
      "description": "Descripción:Av. Alameda Libertador Bernardo O'Higgins Norte",
      "status": "abierto",
      "lastUpdated": "2025-04-28T19:38:15.784Z"
    },
    {
      "id": "AccesoB",
      "name": "Acceso B",
      "description": "Descripción:Av. María Rozas Velásquez",
      "status": "abierto",
      "lastUpdated": "2025-04-28T19:38:15.784Z"
    },
    {
      "id": "AccesoC",
      "name": "Acceso C",
      "description": "Descripción: Av. Las Rejas Sur",
      "status": "abierto",
      "lastUpdated": "2025-04-28T19:38:15.784Z"
    },
    {
      "id": "AccesoD",
      "name": "Acceso D",
      "description": "Descripción:Av. Alameda Libertador Bernardo O'Higgins Sur",
      "status": "abierto",
      "lastUpdated": "2025-04-28T19:38:15.784Z"
    }
  ],
  "elevators": [
    {
      "id": "LD",
      "from": "Andén Los Dominicos",
      "to": "Boletería",
      "status": "operativa",
      "lastUpdated": "2025-04-25T23:59:36.025Z",
      "notes": ""
    },
    {
      "id": "SP",
      "from": "Andén San Pablo",
      "to": "Boletería",
      "status": "operativa",
      "lastUpdated": "2025-04-25T23:59:36.025Z",
      "notes": ""
    },
    {
      "id": "EXB",
      "from": "Boletería",
      "to": "Exterior Acceso B",
      "status": "operativa",
      "lastUpdated": "2025-04-25T23:59:36.025Z",
      "notes": ""
    },
    {
      "id": "EXD",
      "from": "Boletería",
      "to": "Exterior Acceso D",
      "status": "operativa",
      "lastUpdated": "2025-04-25T23:59:36.025Z",
      "notes": ""
    }
  ],
  "escalators": [],
  "changeHistory": [
    {
      "timestamp": "2025-04-25T23:59:36.026Z",
      "user": "metromanrrss",
      "action": "Configuración inicial",
      "details": "Creación de archivo de accesibilidad"
    },
    {
      "timestamp": "2025-04-28T19:35:48.311Z",
      "user": "metromanrrss (Batch)",
      "action": "Edición avanzada",
      "details": "AccesoA: status cambiado de \"undefined\" a \"operativa\""
    },
    {
      "timestamp": "2025-04-28T19:35:48.311Z",
      "user": "metromanrrss (Batch)",
      "action": "Edición avanzada",
      "details": "AccesoB: status cambiado de \"undefined\" a \"operativa\""
    },
    {
      "timestamp": "2025-04-28T19:35:48.311Z",
      "user": "metromanrrss (Batch)",
      "action": "Edición avanzada",
      "details": "AccesoC: status cambiado de \"undefined\" a \"operativa\""
    },
    {
      "timestamp": "2025-04-28T19:35:48.311Z",
      "user": "metromanrrss (Batch)",
      "action": "Edición avanzada",
      "details": "AccesoD: status cambiado de \"undefined\" a \"operativa\""
    },
    {
      "timestamp": "2025-04-28T19:38:15.784Z",
      "user": "metromanrrss (Batch)",
      "action": "Edición avanzada",
      "details": "AccesoA: status cambiado de \"operativa\" a \"abierto\""
    },
    {
      "timestamp": "2025-04-28T19:38:15.784Z",
      "user": "metromanrrss (Batch)",
      "action": "Edición avanzada",
      "details": "AccesoB: status cambiado de \"operativa\" a \"abierto\""
    },
    {
      "timestamp": "2025-04-28T19:38:15.784Z",
      "user": "metromanrrss (Batch)",
      "action": "Edición avanzada",
      "details": "AccesoC: status cambiado de \"operativa\" a \"abierto\""
    },
    {
      "timestamp": "2025-04-28T19:38:15.784Z",
      "user": "metromanrrss (Batch)",
      "action": "Edición avanzada",
      "details": "AccesoD: status cambiado de \"operativa\" a \"abierto\""
    }
  ],
  "lastUpdated": "2025-04-28T19:38:15.784Z"
}