{
  "station": "Matta",
  "line": "l3",
  "accesses": [
    {
      "id": "A",
      "name": "Acceso A",
      "description": "Av. Manuel Antonio Matta",
      "status": "abierto",
      "lastUpdated": "2025-04-28T12:31:18.682Z",
      "notes": ""
    }
  ],
  "elevators": [
    {
      "id": "FCVCA",
      "from": "Andén Fernando Castillo Velasco",
      "to": "Cambio de Andén",
      "fullPath": "Andén Fernando Castillo Velasco→Cambio de Andén",
      "segments": [
        "Andén Fernando Castillo Velasco",
        "Cambio de Andén"
      ],
      "status": "operativa",
      "lastUpdated": "2025-04-28T12:31:18.682Z",
      "notes": ""
    },
    {
      "id": "PQUCASR",
      "from": "Andén Plaza Quilicura",
      "to": "Servicios",
      "fullPath": "Andén Plaza Quilicura→Cambio de Andén→Servicios",
      "segments": [
        "Andén Plaza Quilicura",
        "Cambio de Andén",
        "Servicios"
      ],
      "status": "operativa",
      "lastUpdated": "2025-04-28T12:31:18.682Z",
      "notes": ""
    },
    {
      "id": "SREXA",
      "from": "Servicios",
      "to": "Exterior Acceso A",
      "fullPath": "Servicios→Exterior Acceso A",
      "segments": [
        "Servicios",
        "Exterior Acceso A"
      ],
      "status": "operativa",
      "lastUpdated": "2025-04-28T12:31:18.682Z",
      "notes": ""
    }
  ],
  "escalators": [
    {
      "id": "SREXA",
      "from": "Servicios",
      "to": "Exterior Acceso A",
      "fullPath": "Servicios→Exterior Acceso A",
      "segments": [
        "Servicios",
        "Exterior Acceso A"
      ],
      "status": "operativa",
      "lastUpdated": "2025-04-28T12:31:18.682Z",
      "notes": ""
    },
    {
      "id": "CASR",
      "from": "Cambio de Andén",
      "to": "Servicios",
      "fullPath": "Cambio de Andén→Servicios",
      "segments": [
        "Cambio de Andén",
        "Servicios"
      ],
      "status": "operativa",
      "lastUpdated": "2025-04-28T12:31:18.682Z",
      "notes": ""
    },
    {
      "id": "EXA01SR",
      "from": "Acceso A Av. Manuel Antonio Matta",
      "to": "Servicios",
      "fullPath": "Acceso A Av. Manuel Antonio Matta→Servicios",
      "segments": [
        "Acceso A Av. Manuel Antonio Matta",
        "Servicios"
      ],
      "status": "operativa",
      "lastUpdated": "2025-04-28T12:31:18.682Z",
      "notes": ""
    },
    {
      "id": "SR02EXA",
      "from": "Servicios",
      "to": "Acceso A Av. Manuel Antonio Matta",
      "fullPath": "Servicios→Acceso A Av. Manuel Antonio Matta",
      "segments": [
        "Servicios",
        "Acceso A Av. Manuel Antonio Matta"
      ],
      "status": "operativa",
      "lastUpdated": "2025-04-28T12:31:18.682Z",
      "notes": ""
    },
    {
      "id": "CA03SR",
      "from": "Cambio de Andén",
      "to": "Servicios",
      "fullPath": "Cambio de Andén→Servicios",
      "segments": [
        "Cambio de Andén",
        "Servicios"
      ],
      "status": "operativa",
      "lastUpdated": "2025-04-28T12:31:18.682Z",
      "notes": ""
    },
    {
      "id": "SR04CA",
      "from": "Servicios",
      "to": "Cambio de Andén",
      "fullPath": "Servicios→Cambio de Andén",
      "segments": [
        "Servicios",
        "Cambio de Andén"
      ],
      "status": "operativa",
      "lastUpdated": "2025-04-28T12:31:18.682Z",
      "notes": ""
    }
  ],
  "lastUpdated": "2025-04-28T12:31:18.682Z",
  "changeHistory": [
    {
      "timestamp": "2025-04-28T12:31:38.608Z",
      "user": "metromanrrss",
      "action": "Configuración inicial",
      "details": "Creación de archivo de accesibilidad"
    }
  ]
}