{
  "station": "Simon Bolívar",
  "line": "l4",
  "accesses": [
    {
      "id": "A",
      "name": "Acceso A",
      "description": "Av. Ossa Oriente",
      "status": "abierto",
      "lastUpdated": "2025-04-29T18:43:51.391Z",
      "notes": ""
    },
    {
      "id": "B",
      "name": "Acceso B",
      "description": "Av. Ossa Poniente",
      "status": "abierto",
      "lastUpdated": "2025-04-29T18:43:51.391Z",
      "notes": ""
    }
  ],
  "elevators": [
    {
      "id": "TOB",
      "from": "Andén Tobalaba",
      "to": "Boletería",
      "fullPath": "Andén Tobalaba→Boletería",
      "segments": [
        "Andén Tobalaba",
        "Boletería"
      ],
      "status": "operativa",
      "lastUpdated": "2025-04-29T18:43:51.391Z",
      "notes": ""
    },
    {
      "id": "PPA",
      "from": "Andén Plaza de Puente Alto",
      "to": "Boletería",
      "fullPath": "Andén Plaza de Puente Alto→Boletería",
      "segments": [
        "Andén Plaza de Puente Alto",
        "Boletería"
      ],
      "status": "operativa",
      "lastUpdated": "2025-04-29T18:43:51.391Z",
      "notes": ""
    },
    {
      "id": "EXA",
      "from": "Boletería",
      "to": "Exterior Acceso A",
      "fullPath": "Boletería→Exterior Acceso A",
      "segments": [
        "Boletería",
        "Exterior Acceso A"
      ],
      "status": "operativa",
      "lastUpdated": "2025-04-29T18:43:51.391Z",
      "notes": ""
    }
  ],
  "escalators": [
    {
      "id": "BL01DSEXB",
      "from": "Boletería",
      "to": "Descanso Acceso B",
      "fullPath": "Boletería→Descanso Acceso B",
      "segments": [
        "Boletería",
        "Descanso Acceso B"
      ],
      "status": "operativa",
      "lastUpdated": "2025-04-29T18:43:51.391Z",
      "notes": ""
    },
    {
      "id": "DS02EXB",
      "from": "Descanso",
      "to": "Exterior Acceso B",
      "fullPath": "Descanso→Exterior Acceso B",
      "segments": [
        "Descanso",
        "Exterior Acceso B"
      ],
      "status": "operativa",
      "lastUpdated": "2025-04-29T18:43:51.391Z",
      "notes": ""
    },
    {
      "id": "BL03DSEXB",
      "from": "Boletería",
      "to": "Descanso Acceso B",
      "fullPath": "Boletería→Descanso Acceso B",
      "segments": [
        "Boletería",
        "Descanso Acceso B"
      ],
      "status": "operativa",
      "lastUpdated": "2025-04-29T18:43:51.391Z",
      "notes": ""
    }
  ],
  "lastUpdated": "2025-04-29T18:43:51.390Z",
  "changeHistory": [
    {
      "timestamp": "2025-04-29T18:43:59.549Z",
      "user": "metromanrrss",
      "action": "Configuración inicial",
      "details": "Creación de archivo de accesibilidad"
    }
  ]
}