{
  "station": "Cristóbal Colón",
  "line": "l4",
  "accesses": [
    {
      "id": "A",
      "name": "Acceso A",
      "description": "Av. Tobalaba Oriente",
      "status": "abierto",
      "lastUpdated": "2025-04-28T17:10:01.079Z",
      "notes": ""
    },
    {
      "id": "B",
      "name": "Acceso B",
      "description": "Av. Eliodoro Yáñez",
      "status": "abierto",
      "lastUpdated": "2025-04-28T17:10:01.079Z",
      "notes": ""
    }
  ],
  "elevators": [
    {
      "id": "TOB",
      "from": "Andén Tobalaba",
      "to": "Boletería",
      "fullPath": "Andén Tobalaba→Boletería",
      "segments": [
        "Andén Tobalaba",
        "Boletería"
      ],
      "status": "operativa",
      "lastUpdated": "2025-04-28T17:10:01.080Z",
      "notes": ""
    },
    {
      "id": "PPA",
      "from": "Andén Plaza de Puente Alto",
      "to": "Boletería",
      "fullPath": "Andén Plaza de Puente Alto→Boletería",
      "segments": [
        "Andén Plaza de Puente Alto",
        "Boletería"
      ],
      "status": "operativa",
      "lastUpdated": "2025-04-28T17:10:01.080Z",
      "notes": ""
    },
    {
      "id": "EXB",
      "from": "Boletería",
      "to": "Exterior Acceso B",
      "fullPath": "Boletería→Exterior Acceso B",
      "segments": [
        "Boletería",
        "Exterior Acceso B"
      ],
      "status": "operativa",
      "lastUpdated": "2025-04-28T17:10:01.080Z",
      "notes": ""
    }
  ],
  "escalators": [
    {
      "id": "BL01EXB",
      "from": "Boletería",
      "to": "Exterior Acceso B",
      "fullPath": "Boletería→Exterior Acceso B",
      "segments": [
        "Boletería",
        "Exterior Acceso B"
      ],
      "status": "operativa",
      "lastUpdated": "2025-04-28T17:10:01.080Z",
      "notes": ""
    },
    {
      "id": "BL02EXB",
      "from": "Boletería",
      "to": "Exterior Acceso B",
      "fullPath": "Boletería→Exterior Acceso B",
      "segments": [
        "Boletería",
        "Exterior Acceso B"
      ],
      "status": "operativa",
      "lastUpdated": "2025-04-28T17:10:01.080Z",
      "notes": ""
    },
    {
      "id": "BLEXA",
      "from": "Boletería",
      "to": "Exterior Acceso A",
      "fullPath": "Boletería→Exterior Acceso A",
      "segments": [
        "Boletería",
        "Exterior Acceso A"
      ],
      "status": "operativa",
      "lastUpdated": "2025-04-28T17:10:01.080Z",
      "notes": ""
    }
  ],
  "lastUpdated": "2025-04-28T17:10:01.078Z",
  "changeHistory": [
    {
      "timestamp": "2025-04-28T17:10:14.483Z",
      "user": "metromanrrss",
      "action": "Configuración inicial",
      "details": "Creación de archivo de accesibilidad"
    }
  ]
}