{
  "station": "observatorio",
  "line": "l2",
  "accesses": [
    {
      "id": "A",
      "name": "Acceso A",
      "description": "Av. Observatorio",
      "status": "abierto",
      "lastUpdated": "2025-04-26T19:08:45.698Z",
      "notes": ""
    }
  ],
  "elevators": [
    {
      "id": "EXA",
      "from": "Boletería",
      "to": "Exterior Acceso A",
      "fullPath": "Boletería→Exterior Acceso A",
      "segments": [
        "Boletería",
        "Exterior Acceso A"
      ],
      "status": "operativa",
      "lastUpdated": "2025-04-26T19:08:45.698Z",
      "notes": ""
    },
    {
      "id": "PI",
      "from": "Andén Hospital El Pino",
      "to": "Servicios",
      "fullPath": "Andén Hospital El Pino→Servicios",
      "segments": [
        "Andén Hospital El Pino",
        "Servicios"
      ],
      "status": "operativa",
      "lastUpdated": "2025-04-26T19:08:45.698Z",
      "notes": ""
    },
    {
      "id": "AV",
      "from": "Andén Vespucio Norte",
      "to": "Servicios",
      "fullPath": "Andén Vespucio Norte→Servicios",
      "segments": [
        "Andén Vespucio Norte",
        "Servicios"
      ],
      "status": "operativa",
      "lastUpdated": "2025-04-26T19:08:45.698Z",
      "notes": ""
    }
  ],
  "escalators": [
    {
      "id": "DS1EXA",
      "from": "Primer Descanso",
      "to": "Exterior Acceso A",
      "fullPath": "Primer Descanso→Exterior Acceso A",
      "segments": [
        "Primer Descanso",
        "Exterior Acceso A"
      ],
      "status": "operativa",
      "lastUpdated": "2025-04-26T19:08:45.698Z",
      "notes": ""
    },
    {
      "id": "EXADS1",
      "from": "Exterior Acceso A",
      "to": "Primer Descanso",
      "fullPath": "Exterior Acceso A→Primer Descanso",
      "segments": [
        "Exterior Acceso A",
        "Primer Descanso"
      ],
      "status": "operativa",
      "lastUpdated": "2025-04-26T19:08:45.698Z",
      "notes": ""
    },
    {
      "id": "DS2DS1EXA",
      "from": "Segundo Descanso",
      "to": "Primer Descanso",
      "fullPath": "Segundo Descanso→Primer Descanso",
      "segments": [
        "Segundo Descanso",
        "Primer Descanso"
      ],
      "status": "operativa",
      "lastUpdated": "2025-04-26T19:08:45.698Z",
      "notes": ""
    },
    {
      "id": "DS1DS2EXA",
      "from": "Primer Descanso",
      "to": "Segundo Descanso",
      "fullPath": "Primer Descanso→Segundo Descanso",
      "segments": [
        "Primer Descanso",
        "Segundo Descanso"
      ],
      "status": "operativa",
      "lastUpdated": "2025-04-26T19:08:45.698Z",
      "notes": ""
    },
    {
      "id": "SRDS2EXA",
      "from": "Servicios",
      "to": "Segundo Descanso",
      "fullPath": "Servicios→Segundo Descanso",
      "segments": [
        "Servicios",
        "Segundo Descanso"
      ],
      "status": "operativa",
      "lastUpdated": "2025-04-26T19:08:45.698Z",
      "notes": ""
    },
    {
      "id": "DS2EXASR",
      "from": "Segundo Descanso",
      "to": "Servicios",
      "fullPath": "Segundo Descanso→Servicios",
      "segments": [
        "Segundo Descanso",
        "Servicios"
      ],
      "status": "operativa",
      "lastUpdated": "2025-04-26T19:08:45.698Z",
      "notes": ""
    }
  ],
  "lastUpdated": "2025-04-26T19:08:45.698Z",
  "changeHistory": [
    {
      "timestamp": "2025-04-26T19:08:48.143Z",
      "user": "metromanrrss",
      "action": "Configuración inicial",
      "details": "Creación de archivo de accesibilidad"
    }
  ]
}