{
  "station": "Zapadores",
  "line": "l2",
  "accesses": [
    {
      "id": "A",
      "name": "Acceso A",
      "description": "Av. Los Zapadores",
      "status": "abierto",
      "lastUpdated": "2025-04-26T14:48:57.820Z",
      "notes": ""
    },
    {
      "id": "B",
      "name": "Acceso B",
      "description": "Doctor Amador Neghme",
      "status": "abierto",
      "lastUpdated": "2025-04-26T14:48:57.820Z",
      "notes": ""
    }
  ],
  "elevators": [
    {
      "id": "AV",
      "from": "Andén Vespucio Norte",
      "to": "Boletería",
      "fullPath": "Andén Vespucio Norte→Boletería",
      "segments": [
        "Andén Vespucio Norte",
        "Boletería"
      ],
      "status": "operativa",
      "lastUpdated": "2025-04-26T14:48:57.820Z",
      "notes": ""
    },
    {
      "id": "PI",
      "from": "Andén Hospital El Pino",
      "to": "Boletería",
      "fullPath": "Andén Hospital El Pino→Boletería",
      "segments": [
        "Andén Hospital El Pino",
        "Boletería"
      ],
      "status": "operativa",
      "lastUpdated": "2025-04-26T14:48:57.820Z",
      "notes": ""
    },
    {
      "id": "EXA",
      "from": "Boletería",
      "to": "Exterior Acceso A",
      "fullPath": "Boletería→Exterior Acceso A",
      "segments": [
        "Boletería",
        "Exterior Acceso A"
      ],
      "status": "operativa",
      "lastUpdated": "2025-04-26T14:48:57.820Z",
      "notes": ""
    }
  ],
  "escalators": [
    {
      "id": "BLDSA",
      "from": "Boletería",
      "to": "Descanso Acceso A",
      "fullPath": "Boletería→Descanso Acceso A",
      "segments": [
        "Boletería",
        "Descanso Acceso A"
      ],
      "status": "operativa",
      "lastUpdated": "2025-04-26T14:48:57.820Z",
      "notes": ""
    },
    {
      "id": "DSABL",
      "from": "Descanso Acceso A",
      "to": "Boletería",
      "fullPath": "Descanso Acceso A→Boletería",
      "segments": [
        "Descanso Acceso A",
        "Boletería"
      ],
      "status": "operativa",
      "lastUpdated": "2025-04-26T14:48:57.820Z",
      "notes": ""
    }
  ],
  "lastUpdated": "2025-04-26T14:48:57.820Z",
  "changeHistory": [
    {
      "timestamp": "2025-04-26T14:49:14.365Z",
      "user": "metromanrrss",
      "action": "Configuración inicial",
      "details": "Creación de archivo de accesibilidad"
    }
  ]
}