{
  "station": "la moneda",
  "line": "l1",
  "accesses": [
    {
      "id": "A",
      "name": "Acceso A",
      "description": "Hermanos Amunátegui",
      "status": "abierto",
      "lastUpdated": "2025-04-28T19:38:15.784Z"
    },
    {
      "id": "B",
      "name": "Acceso B",
      "description": "Almirante Lorenzo Gotuzzo",
      "status": "abierto",
      "lastUpdated": "2025-04-28T19:38:15.784Z"
    },
    {
      "id": "C",
      "name": "Acceso C",
      "description": "Teatinos",
      "status": "abierto",
      "lastUpdated": "2025-04-28T19:38:15.784Z"
    },
    {
      "id": "D",
      "name": "Acceso D",
      "description": "Nataniel Cox",
      "status": "abierto",
      "lastUpdated": "2025-04-28T19:38:15.784Z"
    },
    {
      "id": "E",
      "name": "Acceso E",
      "description": "Lord Cochrane",
      "status": "abierto",
      "lastUpdated": "2025-04-28T19:38:15.784Z"
    }
  ],
  "elevators": [
    {
      "id": "LD",
      "from": "Andén Los Dominicos",
      "to": "Boletería",
      "status": "operativa",
      "lastUpdated": "2025-04-26T09:31:52.459Z",
      "notes": ""
    },
    {
      "id": "SP",
      "from": "Andén San Pablo",
      "to": "Boletería",
      "status": "operativa",
      "lastUpdated": "2025-04-26T09:31:52.459Z",
      "notes": ""
    },
    {
      "id": "EXD",
      "from": "Boletería",
      "to": "Exterior Acceso D",
      "status": "operativa",
      "lastUpdated": "2025-04-26T09:31:52.459Z",
      "notes": ""
    }
  ],
  "escalators": [],
  "lastUpdated": "2025-04-28T19:38:15.784Z",
  "changeHistory": [
    {
      "timestamp": "2025-04-26T09:31:59.143Z",
      "user": "metromanrrss",
      "action": "Configuración inicial",
      "details": "Creación de archivo de accesibilidad"
    },
    {
      "timestamp": "2025-04-28T19:35:48.310Z",
      "user": "metromanrrss (Batch)",
      "action": "Edición avanzada",
      "details": "A: status cambiado de \"undefined\" a \"operativa\""
    },
    {
      "timestamp": "2025-04-28T19:35:48.310Z",
      "user": "metromanrrss (Batch)",
      "action": "Edición avanzada",
      "details": "B: status cambiado de \"undefined\" a \"operativa\""
    },
    {
      "timestamp": "2025-04-28T19:35:48.310Z",
      "user": "metromanrrss (Batch)",
      "action": "Edición avanzada",
      "details": "C: status cambiado de \"undefined\" a \"operativa\""
    },
    {
      "timestamp": "2025-04-28T19:35:48.311Z",
      "user": "metromanrrss (Batch)",
      "action": "Edición avanzada",
      "details": "D: status cambiado de \"undefined\" a \"operativa\""
    },
    {
      "timestamp": "2025-04-28T19:35:48.311Z",
      "user": "metromanrrss (Batch)",
      "action": "Edición avanzada",
      "details": "E: status cambiado de \"undefined\" a \"operativa\""
    },
    {
      "timestamp": "2025-04-28T19:38:15.784Z",
      "user": "metromanrrss (Batch)",
      "action": "Edición avanzada",
      "details": "A: status cambiado de \"operativa\" a \"abierto\""
    },
    {
      "timestamp": "2025-04-28T19:38:15.784Z",
      "user": "metromanrrss (Batch)",
      "action": "Edición avanzada",
      "details": "B: status cambiado de \"operativa\" a \"abierto\""
    },
    {
      "timestamp": "2025-04-28T19:38:15.784Z",
      "user": "metromanrrss (Batch)",
      "action": "Edición avanzada",
      "details": "C: status cambiado de \"operativa\" a \"abierto\""
    },
    {
      "timestamp": "2025-04-28T19:38:15.784Z",
      "user": "metromanrrss (Batch)",
      "action": "Edición avanzada",
      "details": "D: status cambiado de \"operativa\" a \"abierto\""
    },
    {
      "timestamp": "2025-04-28T19:38:15.784Z",
      "user": "metromanrrss (Batch)",
      "action": "Edición avanzada",
      "details": "E: status cambiado de \"operativa\" a \"abierto\""
    }
  ]
}