{
  "station": "san",
  "line": "pablo",
  "accesses": [
    {
      "id": "A",
      "name": "Acceso A",
      "description": ""
    },
    {
      "id": "B",
      "name": "Acceso B",
      "description": ""
    }
  ],
  "elevators": [
    {
      "id": "A",
      "from": "Calle",
      "to": "Boletería",
      "status": "operativa",
      "lastUpdated": "2025-04-25T22:41:46.614Z",
      "notes": ""
    },
    {
      "id": "B",
      "from": "Boletería",
      "to": "Andén",
      "status": "operativa",
      "lastUpdated": "2025-04-25T22:41:46.614Z",
      "notes": ""
    }
  ],
  "escalators": [
    {
      "id": "1",
      "from": "Andén",
      "to": "Boletería",
      "status": "operativa",
      "lastUpdated": "2025-04-25T22:41:46.614Z",
      "notes": ""
    },
    {
      "id": "2",
      "from": "Boletería",
      "to": "Calle",
      "status": "operativa",
      "lastUpdated": "2025-04-25T22:41:46.614Z",
      "notes": ""
    }
  ],
  "changeHistory": [
    {
      "timestamp": "2025-04-25T22:41:46.614Z",
      "user": "metromanrrss",
      "action": "Configuración inicial",
      "details": "Creación de archivo de accesibilidad"
    }
  ],
  "lastUpdated": "2025-04-25T22:41:46.614Z"
}