{
  "station": "parque O'Higgins",
  "line": "l2",
  "accesses": [
    {
      "id": "A",
      "name": "Acceso A",
      "description": "Av. El Parque",
      "status": "abierto",
      "lastUpdated": "2025-04-26T17:02:23.636Z",
      "notes": ""
    },
    {
      "id": "B",
      "name": "Acceso B",
      "description": "Av. Manuel Antonio Matta",
      "status": "abierto",
      "lastUpdated": "2025-04-26T17:02:23.636Z",
      "notes": ""
    }
  ],
  "elevators": [
    {
      "id": "EXB",
      "from": "Exterior Acceso B",
      "to": "Boletería",
      "fullPath": "Exterior Acceso B→Boletería",
      "segments": [
        "Exterior Acceso B",
        "Boletería"
      ],
      "status": "operativa",
      "lastUpdated": "2025-04-26T17:02:23.636Z",
      "notes": ""
    },
    {
      "id": "PI",
      "from": "Boletería",
      "to": "Andén Hospital El Pino",
      "fullPath": "Boletería→Andén Hospital El Pino",
      "segments": [
        "Boletería",
        "Andén Hospital El Pino"
      ],
      "status": "operativa",
      "lastUpdated": "2025-04-26T17:02:23.636Z",
      "notes": ""
    },
    {
      "id": "AV",
      "from": "Boletería",
      "to": "Andén Vespucio Norte",
      "fullPath": "Boletería→Andén Vespucio Norte",
      "segments": [
        "Boletería",
        "Andén Vespucio Norte"
      ],
      "status": "operativa",
      "lastUpdated": "2025-04-26T17:02:23.636Z",
      "notes": ""
    }
  ],
  "escalators": [
    {
      "id": "BLPI",
      "from": "Boletería",
      "to": "Andén Hospital El Pino",
      "fullPath": "Boletería→Andén Hospital El Pino",
      "segments": [
        "Boletería",
        "Andén Hospital El Pino"
      ],
      "status": "operativa",
      "lastUpdated": "2025-04-26T17:02:23.636Z",
      "notes": ""
    },
    {
      "id": "BLAV",
      "from": "Boletería",
      "to": "Andén Vespucio Norte",
      "fullPath": "Boletería→Andén Vespucio Norte",
      "segments": [
        "Boletería",
        "Andén Vespucio Norte"
      ],
      "status": "operativa",
      "lastUpdated": "2025-04-26T17:02:23.636Z",
      "notes": ""
    }
  ],
  "lastUpdated": "2025-04-26T17:02:23.636Z",
  "changeHistory": [
    {
      "timestamp": "2025-04-26T17:02:51.230Z",
      "user": "metromanrrss",
      "action": "Configuración inicial",
      "details": "Creación de archivo de accesibilidad"
    }
  ]
}