{
  "station": "\"san",
  "line": "alberto",
  "accesses": [
    {
      "id": "A",
      "name": "Acceso A",
      "description": "Toro Mazote Norte"
    },
    {
      "id": "B",
      "name": "Acceso B",
      "description": "Toro Mazote Sur"
    }
  ],
  "elevators": [
    {
      "id": "LD",
      "from": "Andén Los Dominicos",
      "to": "Boletería",
      "status": "operativa",
      "lastUpdated": "2025-04-26T00:51:18.612Z",
      "notes": ""
    },
    {
      "id": "SP",
      "from": "Andén San Pablo",
      "to": "Boletería",
      "status": "operativa",
      "lastUpdated": "2025-04-26T00:51:18.612Z",
      "notes": ""
    },
    {
      "id": "EXA",
      "from": "Boletería",
      "to": "Exterior Acceso A",
      "status": "operativa",
      "lastUpdated": "2025-04-26T00:51:18.612Z",
      "notes": ""
    }
  ],
  "escalators": [],
  "lastUpdated": "2025-04-26T00:51:18.611Z",
  "changeHistory": [
    {
      "timestamp": "2025-04-26T00:51:41.881Z",
      "user": "metromanrrss",
      "action": "Configuración inicial",
      "details": "Creación de archivo de accesibilidad"
    }
  ]
}