{
  "station": "copa lo Martinez",
  "line": "l2",
  "accesses": [
    {
      "id": "A",
      "name": "Acceso A",
      "description": "Av. Lo Martínez",
      "status": "abierto",
      "lastUpdated": "2025-04-26T19:14:31.121Z",
      "notes": ""
    }
  ],
  "elevators": [
    {
      "id": "EXA",
      "from": "Servicios",
      "to": "Exterior Acceso A",
      "fullPath": "Servicios→Exterior Acceso A",
      "segments": [
        "Servicios",
        "Exterior Acceso A"
      ],
      "status": "operativa",
      "lastUpdated": "2025-04-26T19:14:31.121Z",
      "notes": ""
    },
    {
      "id": "PI",
      "from": "Andén Hospital El Pino",
      "to": "Servicios",
      "fullPath": "Andén Hospital El Pino→Servicios",
      "segments": [
        "Andén Hospital El Pino",
        "Servicios"
      ],
      "status": "operativa",
      "lastUpdated": "2025-04-26T19:14:31.121Z",
      "notes": ""
    },
    {
      "id": "AV",
      "from": "Andén Vespucio Norte",
      "to": "Servicios",
      "fullPath": "Andén Vespucio Norte→Servicios",
      "segments": [
        "Andén Vespucio Norte",
        "Servicios"
      ],
      "status": "operativa",
      "lastUpdated": "2025-04-26T19:14:31.121Z",
      "notes": ""
    }
  ],
  "escalators": [
    {
      "id": "EXADS",
      "from": "Exterior Acceso A",
      "to": "Descanso",
      "fullPath": "Exterior Acceso A→Descanso",
      "segments": [
        "Exterior Acceso A",
        "Descanso"
      ],
      "status": "operativa",
      "lastUpdated": "2025-04-26T19:14:31.121Z",
      "notes": ""
    },
    {
      "id": "DSEXA",
      "from": "Descanso",
      "to": "Exterior Acceso A",
      "fullPath": "Descanso→Exterior Acceso A",
      "segments": [
        "Descanso",
        "Exterior Acceso A"
      ],
      "status": "operativa",
      "lastUpdated": "2025-04-26T19:14:31.121Z",
      "notes": ""
    },
    {
      "id": "DSEXASR",
      "from": "Descanso",
      "to": "Servicios",
      "fullPath": "Descanso→Servicios",
      "segments": [
        "Descanso",
        "Servicios"
      ],
      "status": "operativa",
      "lastUpdated": "2025-04-26T19:14:31.121Z",
      "notes": ""
    },
    {
      "id": "SRDSEXA",
      "from": "Servicios",
      "to": "Descanso",
      "fullPath": "Servicios→Descanso",
      "segments": [
        "Servicios",
        "Descanso"
      ],
      "status": "operativa",
      "lastUpdated": "2025-04-26T19:14:31.121Z",
      "notes": ""
    }
  ],
  "lastUpdated": "2025-04-26T19:14:31.121Z",
  "changeHistory": [
    {
      "timestamp": "2025-04-26T19:14:54.667Z",
      "user": "metromanrrss",
      "action": "Configuración inicial",
      "details": "Creación de archivo de accesibilidad"
    }
  ]
}