{
  "station": "Manquehue",
  "line": "l1",
  "accesses": [
    {
      "status": "abierto",
      "lastUpdated": "2025-04-28T19:38:15.789Z",
      "notes": "",
      "id": "A",
      "name": "Acceso A",
      "description": "Rosario Norte"
    },
    {
      "status": "abierto",
      "lastUpdated": "2025-04-28T19:38:15.789Z",
      "notes": "",
      "id": "B",
      "name": "Acceso B",
      "description": "Av. Apoquindo Norte / O'Conell"
    },
    {
      "status": "abierto",
      "lastUpdated": "2025-04-28T19:38:15.789Z",
      "notes": "",
      "id": "C",
      "name": "Acceso C",
      "description": "Av. Manquehue Norte"
    },
    {
      "status": "abierto",
      "lastUpdated": "2025-04-28T19:38:15.789Z",
      "notes": "",
      "id": "D",
      "name": "Acceso D",
      "description": "Av. Manquehue Sur"
    },
    {
      "status": "abierto",
      "lastUpdated": "2025-04-28T19:38:15.789Z",
      "notes": "",
      "id": "E",
      "name": "Acceso E",
      "description": "Av. Apoquindo Sur"
    },
    {
      "status": "abierto",
      "lastUpdated": "2025-04-28T19:38:15.789Z",
      "notes": "",
      "id": "F",
      "name": "Acceso F",
      "description": "Rosario Sur"
    }
  ],
  "elevators": [
    {
      "id": "LD",
      "from": "Andén Los Dominicos",
      "to": "Boletería",
      "fullPath": "Andén Los Dominicos→Boletería",
      "segments": [
        "Andén Los Dominicos",
        "Boletería"
      ],
      "status": "operativa",
      "lastUpdated": "2025-04-26T13:48:03.638Z",
      "notes": ""
    },
    {
      "id": "SP",
      "from": "Andén San Pablo",
      "to": "Boletería",
      "fullPath": "Andén San Pablo→Boletería",
      "segments": [
        "Andén San Pablo",
        "Boletería"
      ],
      "status": "operativa",
      "lastUpdated": "2025-04-26T13:48:03.638Z",
      "notes": ""
    },
    {
      "id": "EXB",
      "from": "Boletería",
      "to": "Exterior Acceso B",
      "fullPath": "Boletería→Exterior Acceso B",
      "segments": [
        "Boletería",
        "Exterior Acceso B"
      ],
      "status": "operativa",
      "lastUpdated": "2025-04-26T13:48:03.638Z",
      "notes": ""
    },
    {
      "id": "EXE",
      "from": "Boletería",
      "to": "Exterior Acceso E",
      "fullPath": "Boletería→Exterior Acceso E",
      "segments": [
        "Boletería",
        "Exterior Acceso E"
      ],
      "status": "operativa",
      "lastUpdated": "2025-04-26T13:48:03.638Z",
      "notes": ""
    }
  ],
  "escalators": [
    {
      "id": "CA10BL",
      "from": "Cambio de andén",
      "to": "Boletería",
      "fullPath": "Cambio de andén→Boletería",
      "segments": [
        "Cambio de andén",
        "Boletería"
      ],
      "status": "fuera de servicio",
      "lastUpdated": "2025-04-26T13:49:24.221Z",
      "notes": ""
    },
    {
      "id": "CA12EXB",
      "from": "Cambio de andén",
      "to": "Acceso B",
      "fullPath": "Cambio de andén→Acceso B",
      "segments": [
        "Cambio de andén",
        "Acceso B"
      ],
      "status": "operativa",
      "lastUpdated": "2025-04-26T13:48:03.638Z",
      "notes": ""
    },
    {
      "id": "CA13EXB",
      "from": "Cambio de andén",
      "to": "Acceso B",
      "fullPath": "Cambio de andén→Acceso B",
      "segments": [
        "Cambio de andén",
        "Acceso B"
      ],
      "status": "operativa",
      "lastUpdated": "2025-04-26T13:48:03.638Z",
      "notes": ""
    },
    {
      "id": "CA02EXD",
      "from": "Cambio de andén",
      "to": "Acceso D",
      "fullPath": "Cambio de andén→Acceso D",
      "segments": [
        "Cambio de andén",
        "Acceso D"
      ],
      "status": "operativa",
      "lastUpdated": "2025-04-26T13:48:03.638Z",
      "notes": ""
    },
    {
      "id": "CAEXE",
      "from": "Cambio de andén",
      "to": "Acceso E",
      "fullPath": "Cambio de andén→Acceso E",
      "segments": [
        "Cambio de andén",
        "Acceso E"
      ],
      "status": "operativa",
      "lastUpdated": "2025-04-26T13:48:03.638Z",
      "notes": ""
    },
    {
      "id": "CAEXF",
      "from": "Cambio de andén",
      "to": "Acceso F",
      "fullPath": "Cambio de andén→Acceso F",
      "segments": [
        "Cambio de andén",
        "Acceso F"
      ],
      "status": "operativa",
      "lastUpdated": "2025-04-26T13:48:03.638Z",
      "notes": ""
    },
    {
      "id": "CAEXA",
      "from": "Cambio de andén",
      "to": "Acceso A",
      "fullPath": "Cambio de andén→Acceso A",
      "segments": [
        "Cambio de andén",
        "Acceso A"
      ],
      "status": "operativa",
      "lastUpdated": "2025-04-26T13:48:03.638Z",
      "notes": ""
    },
    {
      "id": "BLCA",
      "from": "Boletería",
      "to": "Cambio de andén",
      "fullPath": "Boletería→Cambio de andén",
      "segments": [
        "Boletería",
        "Cambio de andén"
      ],
      "status": "operativa",
      "lastUpdated": "2025-04-26T13:48:03.638Z",
      "notes": ""
    },
    {
      "id": "BL11CA",
      "from": "Boletería",
      "to": "Cambio de andén",
      "fullPath": "Boletería→Cambio de andén",
      "segments": [
        "Boletería",
        "Cambio de andén"
      ],
      "status": "operativa",
      "lastUpdated": "2025-04-26T13:48:03.638Z",
      "notes": ""
    },
    {
      "id": "BL03CA",
      "from": "Boletería",
      "to": "Cambio de andén",
      "fullPath": "Boletería→Cambio de andén",
      "segments": [
        "Boletería",
        "Cambio de andén"
      ],
      "status": "operativa",
      "lastUpdated": "2025-04-26T13:48:03.638Z",
      "notes": ""
    },
    {
      "id": "BL05CA",
      "from": "Boletería",
      "to": "Cambio de andén",
      "fullPath": "Boletería→Cambio de andén",
      "segments": [
        "Boletería",
        "Cambio de andén"
      ],
      "status": "operativa",
      "lastUpdated": "2025-04-26T13:48:03.638Z",
      "notes": ""
    },
    {
      "id": "BL07CA",
      "from": "Boletería",
      "to": "Cambio de andén",
      "fullPath": "Boletería→Cambio de andén",
      "segments": [
        "Boletería",
        "Cambio de andén"
      ],
      "status": "operativa",
      "lastUpdated": "2025-04-26T13:48:03.638Z",
      "notes": ""
    },
    {
      "id": "EXBCA",
      "from": "Acceso B",
      "to": "Cambio de andén",
      "fullPath": "Acceso B→Cambio de andén",
      "segments": [
        "Acceso B",
        "Cambio de andén"
      ],
      "status": "operativa",
      "lastUpdated": "2025-04-26T13:48:03.638Z",
      "notes": ""
    }
  ],
  "lastUpdated": "2025-04-28T19:38:15.789Z",
  "changeHistory": [
    {
      "timestamp": "2025-04-26T13:48:18.748Z",
      "user": "metromanrrss",
      "action": "Configuración inicial",
      "details": "Creación de archivo de accesibilidad"
    },
    {
      "timestamp": "2025-04-26T13:49:24.221Z",
      "user": "metromanrrss",
      "action": "Editado CA10BL",
      "details": "status cambiado de \"operativa\" a \"fuera de servicio\""
    },
    {
      "timestamp": "2025-04-28T19:35:48.317Z",
      "user": "metromanrrss (Batch)",
      "action": "Edición avanzada",
      "details": "A: status cambiado de \"abierto\" a \"operativa\""
    },
    {
      "timestamp": "2025-04-28T19:35:48.317Z",
      "user": "metromanrrss (Batch)",
      "action": "Edición avanzada",
      "details": "B: status cambiado de \"abierto\" a \"operativa\""
    },
    {
      "timestamp": "2025-04-28T19:35:48.317Z",
      "user": "metromanrrss (Batch)",
      "action": "Edición avanzada",
      "details": "C: status cambiado de \"abierto\" a \"operativa\""
    },
    {
      "timestamp": "2025-04-28T19:35:48.317Z",
      "user": "metromanrrss (Batch)",
      "action": "Edición avanzada",
      "details": "D: status cambiado de \"abierto\" a \"operativa\""
    },
    {
      "timestamp": "2025-04-28T19:35:48.317Z",
      "user": "metromanrrss (Batch)",
      "action": "Edición avanzada",
      "details": "E: status cambiado de \"abierto\" a \"operativa\""
    },
    {
      "timestamp": "2025-04-28T19:35:48.317Z",
      "user": "metromanrrss (Batch)",
      "action": "Edición avanzada",
      "details": "F: status cambiado de \"abierto\" a \"operativa\""
    },
    {
      "timestamp": "2025-04-28T19:38:15.789Z",
      "user": "metromanrrss (Batch)",
      "action": "Edición avanzada",
      "details": "A: status cambiado de \"operativa\" a \"abierto\""
    },
    {
      "timestamp": "2025-04-28T19:38:15.789Z",
      "user": "metromanrrss (Batch)",
      "action": "Edición avanzada",
      "details": "B: status cambiado de \"operativa\" a \"abierto\""
    },
    {
      "timestamp": "2025-04-28T19:38:15.789Z",
      "user": "metromanrrss (Batch)",
      "action": "Edición avanzada",
      "details": "C: status cambiado de \"operativa\" a \"abierto\""
    },
    {
      "timestamp": "2025-04-28T19:38:15.789Z",
      "user": "metromanrrss (Batch)",
      "action": "Edición avanzada",
      "details": "D: status cambiado de \"operativa\" a \"abierto\""
    },
    {
      "timestamp": "2025-04-28T19:38:15.789Z",
      "user": "metromanrrss (Batch)",
      "action": "Edición avanzada",
      "details": "E: status cambiado de \"operativa\" a \"abierto\""
    },
    {
      "timestamp": "2025-04-28T19:38:15.789Z",
      "user": "metromanrrss (Batch)",
      "action": "Edición avanzada",
      "details": "F: status cambiado de \"operativa\" a \"abierto\""
    }
  ]
}