{
  "station": "Hernando de Magallanes",
  "line": "l1",
  "accesses": [
    {
      "id": "A",
      "name": "Acceso A",
      "description": "Av. Apoquindo",
      "status": "abierto",
      "lastUpdated": "2025-04-28T19:38:15.782Z",
      "notes": ""
    }
  ],
  "elevators": [
    {
      "id": "LD",
      "from": "Andén Los Dominicos",
      "to": "Boletería",
      "fullPath": "Andén Los Dominicos→Boletería",
      "segments": [
        "Andén Los Dominicos",
        "Boletería"
      ],
      "status": "operativa",
      "lastUpdated": "2025-04-26T13:53:06.894Z",
      "notes": ""
    },
    {
      "id": "SP",
      "from": "Andén San Pablo",
      "to": "Boletería",
      "fullPath": "Andén San Pablo→Boletería",
      "segments": [
        "Andén San Pablo",
        "Boletería"
      ],
      "status": "operativa",
      "lastUpdated": "2025-04-26T13:53:06.894Z",
      "notes": ""
    },
    {
      "id": "EXA",
      "from": "Boletería",
      "to": "Exterior Acceso A",
      "fullPath": "Boletería→Exterior Acceso A",
      "segments": [
        "Boletería",
        "Exterior Acceso A"
      ],
      "status": "operativa",
      "lastUpdated": "2025-04-26T13:53:06.894Z",
      "notes": ""
    }
  ],
  "escalators": [
    {
      "id": "BLCA",
      "from": "Boletería",
      "to": "Cambio de Andén",
      "fullPath": "Boletería→Cambio de Andén",
      "segments": [
        "Boletería",
        "Cambio de Andén"
      ],
      "status": "operativa",
      "lastUpdated": "2025-04-26T13:53:06.894Z",
      "notes": ""
    },
    {
      "id": "CAEXA",
      "from": "Cambio de Andén",
      "to": "Exterior Acceso A",
      "fullPath": "Cambio de Andén→Exterior Acceso A",
      "segments": [
        "Cambio de Andén",
        "Exterior Acceso A"
      ],
      "status": "operativa",
      "lastUpdated": "2025-04-26T13:53:06.894Z",
      "notes": ""
    }
  ],
  "lastUpdated": "2025-04-28T19:38:15.782Z",
  "changeHistory": [
    {
      "timestamp": "2025-04-26T13:53:27.674Z",
      "user": "metromanrrss",
      "action": "Configuración inicial",
      "details": "Creación de archivo de accesibilidad"
    },
    {
      "timestamp": "2025-04-28T19:35:48.308Z",
      "user": "metromanrrss (Batch)",
      "action": "Edición avanzada",
      "details": "A: status cambiado de \"abierto\" a \"operativa\""
    },
    {
      "timestamp": "2025-04-28T19:38:15.782Z",
      "user": "metromanrrss (Batch)",
      "action": "Edición avanzada",
      "details": "A: status cambiado de \"operativa\" a \"abierto\""
    }
  ]
}