{
  "station": "franklin",
  "line": "l2",
  "accesses": [
    {
      "id": "A",
      "name": "Acceso A",
      "description": "Calle Placer",
      "status": "abierto",
      "lastUpdated": "2025-04-26T17:19:23.447Z",
      "notes": ""
    },
    {
      "id": "B",
      "name": "Acceso B",
      "description": "Nataniel Cox",
      "status": "abierto",
      "lastUpdated": "2025-04-26T17:19:23.447Z",
      "notes": ""
    }
  ],
  "elevators": [
    {
      "id": "SR2IM",
      "from": "Servicios Línea 2",
      "to": "Intermodal",
      "fullPath": "Servicios Línea 2→Intermodal",
      "segments": [
        "Servicios Línea 2",
        "Intermodal"
      ],
      "status": "operativa",
      "lastUpdated": "2025-04-26T17:19:23.447Z",
      "notes": ""
    },
    {
      "id": "PISR2",
      "from": "Andén Hospital El Pino",
      "to": "Servicios Línea 2 / Combinación a Línea 6",
      "fullPath": "Andén Hospital El Pino→Servicios Línea 2 / Combinación a Línea 6",
      "segments": [
        "Andén Hospital El Pino",
        "Servicios Línea 2 / Combinación a Línea 6"
      ],
      "status": "operativa",
      "lastUpdated": "2025-04-26T17:19:23.447Z",
      "notes": ""
    },
    {
      "id": "CERAVSR6",
      "from": "Andén Cerrillos",
      "to": "Servicios Línea 6 / Combinación a Línea 2",
      "fullPath": "Andén Cerrillos→Andén Vespucio Norte→Servicios Línea 6 / Combinación a Línea 2",
      "segments": [
        "Andén Cerrillos",
        "Andén Vespucio Norte",
        "Servicios Línea 6 / Combinación a Línea 2"
      ],
      "status": "operativa",
      "lastUpdated": "2025-04-26T17:19:23.447Z",
      "notes": ""
    },
    {
      "id": "LENAVSR6",
      "from": "Andén Los Leones",
      "to": "Servicios Línea 6 / Combinación a Línea 2",
      "fullPath": "Andén Los Leones→Andén Vespucio Norte→Servicios Línea 6 / Combinación a Línea 2",
      "segments": [
        "Andén Los Leones",
        "Andén Vespucio Norte",
        "Servicios Línea 6 / Combinación a Línea 2"
      ],
      "status": "operativa",
      "lastUpdated": "2025-04-26T17:19:23.447Z",
      "notes": ""
    }
  ],
  "escalators": [
    {
      "id": "EXADSA",
      "from": "Exterior Acceso A",
      "to": "Descanso",
      "fullPath": "Exterior Acceso A→Descanso",
      "segments": [
        "Exterior Acceso A",
        "Descanso"
      ],
      "status": "operativa",
      "lastUpdated": "2025-04-26T17:19:23.447Z",
      "notes": ""
    },
    {
      "id": "DSAEXA",
      "from": "Descanso",
      "to": "Exterior Acceso A Placer",
      "fullPath": "Descanso→Exterior Acceso A Placer",
      "segments": [
        "Descanso",
        "Exterior Acceso A Placer"
      ],
      "status": "operativa",
      "lastUpdated": "2025-04-26T17:19:23.447Z",
      "notes": ""
    }
  ],
  "lastUpdated": "2025-04-26T17:19:23.446Z",
  "changeHistory": [
    {
      "timestamp": "2025-04-26T17:19:41.049Z",
      "user": "metromanrrss",
      "action": "Configuración inicial",
      "details": "Creación de archivo de accesibilidad"
    }
  ]
}