{
  "_meta": {
    "version": 2,
    "migratedAt": "2025-04-11T16:22:19.876Z",
    "source": [],
    "lastUpdated": "2025-04-11T16:22:19.876Z"
  },
  "basicInfo": {
    "id": "chileespana",
    "lineId": "l3",
    "name": "chileespana",
    "code": "CHI",
    "displayName": "chileespana",
    "color": "#8cc63f"
  },
  "status": {
    "code": "0",
    "description": "operational",
    "appMessage": "",
    "combination": []
  },
  "services": {
    "tickets": {
      "selfService": false,
      "atm": false,
      "phones": false,
      "bibliometro": false,
      "clientService": false,
      "vendingMachines": false
    },
    "topUp": {
      "bipPoints": false,
      "mobileTopUp": false
    },
    "info": {
      "metroArte": false,
      "metroInforma": false
    }
  },
  "access": {
    "points": [],
    "accessibility": []
  },
  "connections": {
    "transports": [],
    "bikes": [
      "Línea Cero"
    ]
  },
  "amenities": [],
  "commerce": [],
  "schematics": [],
  "images": []
}